"CASE_ID","Placement","Housing","BasicNeeds","FSC","PlacementAsY","CloseTimes","Duration","duration2"
28892,TRUE,FALSE,FALSE,FALSE,FALSE,3,0,0
28994,FALSE,TRUE,TRUE,TRUE,TRUE,2,92,92
29003,TRUE,TRUE,TRUE,TRUE,FALSE,3,184,NA
29057,TRUE,TRUE,TRUE,FALSE,FALSE,3,92,92
29128,TRUE,FALSE,TRUE,FALSE,FALSE,2,397,NA
29164,FALSE,FALSE,TRUE,FALSE,FALSE,3,62,NA
29206,FALSE,TRUE,TRUE,TRUE,FALSE,6,184,NA
29350,TRUE,TRUE,TRUE,FALSE,FALSE,3,62,NA
29521,TRUE,TRUE,FALSE,FALSE,FALSE,2,245,245
29540,TRUE,TRUE,TRUE,TRUE,TRUE,4,306,NA
29578,FALSE,TRUE,TRUE,FALSE,FALSE,1,123,NA
29589,TRUE,FALSE,TRUE,FALSE,FALSE,2,92,NA
29594,TRUE,FALSE,TRUE,TRUE,FALSE,2,62,NA
29646,TRUE,TRUE,TRUE,FALSE,FALSE,2,337,NA
29666,TRUE,FALSE,TRUE,TRUE,FALSE,2,30,30
29668,TRUE,TRUE,TRUE,TRUE,FALSE,3,123,NA
29671,FALSE,FALSE,TRUE,FALSE,FALSE,2,62,NA
29679,FALSE,FALSE,TRUE,FALSE,FALSE,2,122,122
29710,TRUE,TRUE,TRUE,TRUE,FALSE,2,31,31
29734,TRUE,TRUE,TRUE,TRUE,TRUE,3,62,NA
29901,FALSE,TRUE,FALSE,TRUE,TRUE,3,123,123
29913,FALSE,TRUE,TRUE,FALSE,FALSE,1,92,92
29935,FALSE,TRUE,TRUE,FALSE,FALSE,2,31,31
29968,TRUE,TRUE,TRUE,TRUE,TRUE,3,397,NA
29980,FALSE,TRUE,TRUE,FALSE,FALSE,3,213,213
30096,FALSE,TRUE,FALSE,TRUE,FALSE,3,245,NA
30100,TRUE,TRUE,TRUE,TRUE,TRUE,3,62,NA
30102,FALSE,TRUE,TRUE,FALSE,TRUE,4,153,153
30151,TRUE,TRUE,TRUE,FALSE,TRUE,4,306,NA
30163,TRUE,TRUE,TRUE,TRUE,FALSE,3,337,NA
30171,FALSE,TRUE,TRUE,FALSE,FALSE,5,153,NA
30249,TRUE,FALSE,TRUE,TRUE,TRUE,2,337,NA
30290,TRUE,FALSE,FALSE,FALSE,FALSE,2,337,NA
30342,TRUE,TRUE,TRUE,FALSE,FALSE,2,123,NA
30346,FALSE,FALSE,TRUE,FALSE,TRUE,3,245,NA
30368,TRUE,TRUE,TRUE,TRUE,FALSE,3,276,NA
30383,FALSE,FALSE,TRUE,FALSE,FALSE,3,92,NA
30442,TRUE,TRUE,FALSE,TRUE,TRUE,2,215,NA
30444,TRUE,TRUE,TRUE,FALSE,TRUE,3,276,NA
30452,TRUE,TRUE,TRUE,TRUE,TRUE,3,366,NA
30495,TRUE,TRUE,TRUE,TRUE,TRUE,2,215,NA
30516,FALSE,TRUE,TRUE,TRUE,TRUE,3,276,NA
30572,TRUE,TRUE,TRUE,FALSE,FALSE,3,276,NA
30643,TRUE,TRUE,TRUE,FALSE,FALSE,2,182,182
30645,TRUE,TRUE,TRUE,TRUE,TRUE,3,92,92
30648,TRUE,TRUE,TRUE,TRUE,TRUE,2,153,153
30670,FALSE,TRUE,TRUE,FALSE,TRUE,2,244,244
30701,FALSE,TRUE,TRUE,TRUE,FALSE,2,30,30
30737,TRUE,TRUE,TRUE,FALSE,FALSE,4,215,NA
30743,FALSE,TRUE,TRUE,TRUE,FALSE,3,123,NA
30747,FALSE,TRUE,TRUE,TRUE,FALSE,6,92,NA
30772,FALSE,FALSE,TRUE,FALSE,FALSE,3,31,31
30779,TRUE,TRUE,TRUE,TRUE,TRUE,3,92,NA
30788,FALSE,FALSE,TRUE,TRUE,TRUE,3,62,NA
30869,TRUE,FALSE,TRUE,FALSE,FALSE,5,62,NA
30901,TRUE,TRUE,TRUE,FALSE,FALSE,2,30,30
30902,TRUE,TRUE,TRUE,FALSE,FALSE,2,245,NA
30905,FALSE,FALSE,TRUE,FALSE,FALSE,2,0,0
30943,TRUE,TRUE,TRUE,TRUE,FALSE,6,0,0
30990,TRUE,TRUE,TRUE,TRUE,FALSE,6,245,NA
31041,FALSE,TRUE,TRUE,TRUE,FALSE,2,92,NA
31052,TRUE,FALSE,FALSE,FALSE,FALSE,2,31,31
31053,TRUE,FALSE,TRUE,FALSE,FALSE,6,397,NA
31119,TRUE,TRUE,TRUE,TRUE,TRUE,3,92,NA
31188,FALSE,TRUE,TRUE,FALSE,FALSE,3,397,NA
31197,TRUE,TRUE,TRUE,FALSE,TRUE,2,245,NA
31209,FALSE,TRUE,TRUE,TRUE,TRUE,4,276,NA
31219,FALSE,FALSE,TRUE,TRUE,FALSE,2,62,62
31258,FALSE,TRUE,TRUE,TRUE,FALSE,4,276,NA
31285,TRUE,FALSE,TRUE,FALSE,FALSE,3,243,243
31314,TRUE,FALSE,TRUE,TRUE,TRUE,3,153,153
31316,TRUE,TRUE,TRUE,FALSE,FALSE,2,91,91
31339,TRUE,FALSE,TRUE,FALSE,TRUE,3,31,31
31341,TRUE,FALSE,TRUE,TRUE,FALSE,4,153,153
31368,TRUE,TRUE,TRUE,TRUE,FALSE,4,245,NA
31520,TRUE,FALSE,TRUE,TRUE,TRUE,2,397,NA
31523,FALSE,TRUE,TRUE,FALSE,FALSE,3,153,NA
31524,TRUE,FALSE,TRUE,TRUE,TRUE,3,62,NA
31540,TRUE,TRUE,TRUE,TRUE,TRUE,4,30,30
31600,FALSE,TRUE,TRUE,TRUE,FALSE,5,276,NA
31610,TRUE,TRUE,TRUE,TRUE,TRUE,6,123,NA
31652,TRUE,FALSE,TRUE,TRUE,FALSE,3,276,NA
31659,FALSE,TRUE,TRUE,FALSE,FALSE,2,31,31
31661,TRUE,FALSE,TRUE,FALSE,TRUE,2,153,NA
31683,TRUE,TRUE,TRUE,FALSE,FALSE,3,153,153
31707,FALSE,TRUE,TRUE,TRUE,FALSE,3,60,60
31712,TRUE,TRUE,TRUE,FALSE,FALSE,5,92,92
31718,TRUE,TRUE,TRUE,TRUE,FALSE,5,153,NA
31734,TRUE,TRUE,TRUE,FALSE,FALSE,5,153,NA
31772,TRUE,TRUE,TRUE,TRUE,TRUE,2,366,NA
31779,TRUE,TRUE,TRUE,FALSE,FALSE,2,397,NA
31782,TRUE,TRUE,TRUE,FALSE,TRUE,3,62,NA
31795,TRUE,FALSE,FALSE,FALSE,FALSE,2,31,31
31796,FALSE,TRUE,TRUE,TRUE,FALSE,5,62,NA
31812,TRUE,TRUE,TRUE,TRUE,FALSE,3,276,NA
31826,TRUE,TRUE,TRUE,FALSE,TRUE,4,397,NA
31835,TRUE,TRUE,TRUE,FALSE,FALSE,3,245,NA
31837,TRUE,TRUE,TRUE,TRUE,FALSE,4,61,61
31853,TRUE,FALSE,TRUE,FALSE,TRUE,2,306,NA
31856,TRUE,FALSE,TRUE,TRUE,FALSE,2,306,NA
31869,TRUE,FALSE,TRUE,FALSE,FALSE,3,183,183
31884,TRUE,TRUE,TRUE,FALSE,TRUE,3,215,NA
31942,TRUE,TRUE,TRUE,TRUE,FALSE,3,122,122
31962,TRUE,FALSE,TRUE,FALSE,TRUE,4,245,NA
31978,FALSE,FALSE,TRUE,FALSE,FALSE,2,306,NA
31991,FALSE,TRUE,TRUE,TRUE,FALSE,4,184,NA
31999,TRUE,TRUE,TRUE,TRUE,FALSE,2,274,274
32007,TRUE,TRUE,TRUE,TRUE,FALSE,4,184,NA
32048,FALSE,TRUE,TRUE,FALSE,FALSE,2,92,NA
32055,FALSE,TRUE,TRUE,FALSE,FALSE,2,92,92
32078,TRUE,TRUE,TRUE,FALSE,FALSE,3,0,0
32086,TRUE,TRUE,TRUE,TRUE,TRUE,4,215,NA
32091,TRUE,FALSE,TRUE,TRUE,TRUE,3,123,NA
32095,TRUE,TRUE,TRUE,TRUE,TRUE,3,153,153
32124,TRUE,TRUE,TRUE,FALSE,FALSE,2,306,NA
32169,FALSE,TRUE,FALSE,TRUE,FALSE,3,92,NA
32209,FALSE,FALSE,FALSE,FALSE,FALSE,2,92,NA
32274,TRUE,TRUE,TRUE,TRUE,FALSE,2,92,92
32301,FALSE,FALSE,TRUE,FALSE,TRUE,2,245,NA
32324,TRUE,TRUE,TRUE,TRUE,FALSE,5,62,NA
32334,TRUE,FALSE,TRUE,TRUE,FALSE,5,245,NA
32397,TRUE,TRUE,TRUE,FALSE,TRUE,2,366,NA
32418,FALSE,TRUE,TRUE,FALSE,FALSE,3,90,90
32428,FALSE,TRUE,TRUE,TRUE,FALSE,2,123,NA
32478,FALSE,TRUE,TRUE,FALSE,TRUE,2,276,NA
32542,TRUE,TRUE,TRUE,FALSE,TRUE,5,214,214
32604,TRUE,FALSE,TRUE,FALSE,FALSE,2,215,NA
32613,TRUE,TRUE,TRUE,FALSE,TRUE,3,337,NA
32615,FALSE,FALSE,TRUE,FALSE,TRUE,4,60,60
32659,TRUE,TRUE,TRUE,TRUE,FALSE,4,276,NA
32668,FALSE,FALSE,FALSE,FALSE,FALSE,5,91,91
32680,TRUE,TRUE,TRUE,FALSE,FALSE,4,92,92
32716,FALSE,TRUE,TRUE,TRUE,TRUE,3,122,122
32731,TRUE,TRUE,FALSE,TRUE,FALSE,4,122,122
32754,FALSE,FALSE,TRUE,FALSE,FALSE,3,92,NA
32790,TRUE,TRUE,TRUE,FALSE,FALSE,3,62,NA
32801,FALSE,FALSE,TRUE,FALSE,TRUE,3,62,NA
32809,FALSE,TRUE,TRUE,TRUE,FALSE,2,214,214
32839,TRUE,FALSE,TRUE,FALSE,FALSE,3,61,61
32902,FALSE,TRUE,TRUE,FALSE,TRUE,6,92,NA
32945,FALSE,FALSE,FALSE,TRUE,FALSE,4,123,NA
32961,TRUE,TRUE,TRUE,TRUE,FALSE,2,0,0
32980,FALSE,FALSE,TRUE,FALSE,FALSE,2,62,62
32993,TRUE,FALSE,FALSE,FALSE,TRUE,2,397,NA
33098,TRUE,FALSE,TRUE,TRUE,FALSE,2,276,NA
33101,FALSE,TRUE,TRUE,FALSE,TRUE,2,276,NA
33102,FALSE,TRUE,TRUE,FALSE,TRUE,3,123,123
33135,TRUE,FALSE,TRUE,TRUE,TRUE,6,366,NA
33138,FALSE,TRUE,TRUE,TRUE,FALSE,2,184,NA
33139,TRUE,TRUE,TRUE,TRUE,TRUE,4,62,NA
33170,FALSE,FALSE,TRUE,FALSE,FALSE,3,61,61
33197,FALSE,FALSE,FALSE,FALSE,FALSE,2,304,304
33255,TRUE,FALSE,TRUE,FALSE,FALSE,2,153,NA
33268,FALSE,TRUE,TRUE,TRUE,TRUE,2,245,NA
33274,FALSE,TRUE,TRUE,FALSE,TRUE,2,276,NA
33289,FALSE,TRUE,TRUE,TRUE,FALSE,3,0,0
33301,TRUE,TRUE,TRUE,TRUE,FALSE,3,123,NA
33339,FALSE,FALSE,TRUE,TRUE,TRUE,3,123,NA
33342,FALSE,TRUE,TRUE,TRUE,TRUE,2,62,NA
33349,TRUE,FALSE,TRUE,TRUE,FALSE,4,276,NA
33366,TRUE,FALSE,TRUE,FALSE,TRUE,2,306,NA
33405,FALSE,TRUE,TRUE,FALSE,FALSE,2,123,NA
33410,FALSE,FALSE,TRUE,FALSE,TRUE,5,123,NA
33413,TRUE,TRUE,TRUE,FALSE,FALSE,3,122,122
33453,TRUE,FALSE,TRUE,TRUE,FALSE,3,276,NA
33472,TRUE,TRUE,TRUE,TRUE,FALSE,3,92,NA
33514,FALSE,FALSE,TRUE,FALSE,FALSE,3,123,NA
33598,TRUE,TRUE,TRUE,TRUE,FALSE,4,90,90
33624,TRUE,TRUE,TRUE,FALSE,FALSE,2,306,NA
33648,FALSE,TRUE,TRUE,FALSE,FALSE,4,92,NA
33651,FALSE,FALSE,TRUE,FALSE,FALSE,4,30,30
33671,FALSE,FALSE,FALSE,FALSE,TRUE,5,215,NA
33673,TRUE,TRUE,TRUE,FALSE,TRUE,5,215,NA
33692,TRUE,TRUE,TRUE,TRUE,TRUE,3,306,NA
33693,TRUE,FALSE,FALSE,FALSE,FALSE,2,121,121
33700,FALSE,TRUE,TRUE,FALSE,FALSE,2,91,91
33724,FALSE,FALSE,FALSE,FALSE,FALSE,5,122,122
33771,FALSE,FALSE,TRUE,FALSE,TRUE,2,30,30
33809,FALSE,FALSE,FALSE,TRUE,FALSE,2,122,122
33820,TRUE,TRUE,TRUE,FALSE,FALSE,4,151,151
33824,FALSE,TRUE,TRUE,FALSE,TRUE,3,245,NA
33841,TRUE,TRUE,TRUE,FALSE,FALSE,2,122,122
33876,FALSE,FALSE,TRUE,FALSE,FALSE,2,274,274
33902,FALSE,FALSE,TRUE,FALSE,TRUE,2,31,31
33904,TRUE,FALSE,TRUE,FALSE,FALSE,2,92,NA
33941,FALSE,TRUE,TRUE,TRUE,TRUE,2,184,NA
33950,FALSE,TRUE,TRUE,FALSE,FALSE,2,306,NA
33958,FALSE,FALSE,TRUE,FALSE,FALSE,2,397,NA
34021,FALSE,FALSE,TRUE,FALSE,FALSE,2,153,153
34082,TRUE,TRUE,TRUE,TRUE,TRUE,3,92,NA
34126,FALSE,TRUE,TRUE,TRUE,FALSE,2,62,NA
34145,FALSE,TRUE,TRUE,TRUE,FALSE,3,61,61
34154,TRUE,TRUE,TRUE,FALSE,FALSE,2,337,NA
34155,FALSE,TRUE,TRUE,FALSE,TRUE,3,366,NA
34193,FALSE,TRUE,TRUE,FALSE,FALSE,5,183,183
34279,FALSE,TRUE,TRUE,TRUE,FALSE,5,62,NA
34312,TRUE,TRUE,FALSE,FALSE,FALSE,3,215,NA
34319,TRUE,FALSE,TRUE,FALSE,TRUE,2,123,NA
34341,TRUE,TRUE,TRUE,TRUE,TRUE,3,30,30
34622,TRUE,TRUE,TRUE,TRUE,FALSE,3,276,NA
34771,TRUE,TRUE,TRUE,FALSE,FALSE,3,62,NA
34779,TRUE,FALSE,TRUE,TRUE,TRUE,3,184,NA
34815,FALSE,TRUE,TRUE,FALSE,FALSE,2,366,NA
34842,FALSE,FALSE,TRUE,TRUE,FALSE,2,62,NA
34851,TRUE,TRUE,TRUE,TRUE,FALSE,3,30,30
34866,FALSE,TRUE,TRUE,FALSE,FALSE,4,245,NA
34868,FALSE,FALSE,TRUE,TRUE,FALSE,2,153,153
34871,FALSE,FALSE,FALSE,TRUE,TRUE,4,184,NA
34889,FALSE,FALSE,TRUE,FALSE,FALSE,2,153,153
34896,FALSE,FALSE,TRUE,TRUE,FALSE,3,276,NA
34902,FALSE,TRUE,TRUE,FALSE,TRUE,4,92,NA
34933,TRUE,TRUE,TRUE,FALSE,FALSE,3,276,NA
34938,FALSE,FALSE,FALSE,FALSE,FALSE,2,30,30
35045,FALSE,FALSE,TRUE,TRUE,FALSE,2,276,NA
35070,FALSE,TRUE,TRUE,FALSE,FALSE,2,60,60
35095,FALSE,FALSE,TRUE,TRUE,FALSE,2,62,NA
35137,FALSE,TRUE,FALSE,FALSE,TRUE,2,306,NA
35211,TRUE,TRUE,TRUE,FALSE,FALSE,3,31,31
35279,FALSE,FALSE,TRUE,TRUE,FALSE,3,122,122
35292,TRUE,FALSE,TRUE,TRUE,FALSE,2,123,NA
35343,TRUE,TRUE,TRUE,TRUE,FALSE,4,92,NA
35460,FALSE,FALSE,TRUE,FALSE,FALSE,3,306,NA
35475,TRUE,TRUE,TRUE,TRUE,FALSE,3,92,NA
35485,FALSE,TRUE,TRUE,FALSE,FALSE,3,0,0
35486,TRUE,TRUE,TRUE,FALSE,TRUE,3,306,NA
35495,FALSE,TRUE,TRUE,TRUE,FALSE,4,0,0
36008,FALSE,TRUE,TRUE,FALSE,TRUE,3,31,31
36714,FALSE,FALSE,TRUE,FALSE,FALSE,2,62,NA
37967,TRUE,TRUE,TRUE,TRUE,TRUE,4,397,NA
38507,FALSE,FALSE,TRUE,FALSE,FALSE,2,397,NA
39033,TRUE,TRUE,FALSE,FALSE,FALSE,2,153,NA
39138,TRUE,TRUE,TRUE,FALSE,FALSE,2,184,NA
39146,TRUE,FALSE,TRUE,FALSE,FALSE,2,184,NA
39179,FALSE,FALSE,TRUE,FALSE,FALSE,3,245,NA
39962,TRUE,TRUE,TRUE,TRUE,FALSE,2,184,NA
40541,FALSE,FALSE,FALSE,FALSE,TRUE,2,215,NA
40747,FALSE,TRUE,TRUE,TRUE,FALSE,1,397,NA
41622,FALSE,TRUE,TRUE,TRUE,TRUE,2,62,NA
41785,FALSE,TRUE,TRUE,FALSE,FALSE,3,92,92
42009,FALSE,TRUE,TRUE,TRUE,FALSE,1,397,NA
42049,TRUE,TRUE,TRUE,FALSE,FALSE,2,0,0
42175,FALSE,FALSE,TRUE,TRUE,TRUE,2,184,NA
43069,FALSE,TRUE,TRUE,TRUE,FALSE,3,123,NA
43283,FALSE,FALSE,FALSE,FALSE,FALSE,2,276,NA
47057,FALSE,FALSE,TRUE,FALSE,FALSE,2,62,NA
47089,FALSE,TRUE,TRUE,FALSE,FALSE,2,153,NA
47106,FALSE,FALSE,TRUE,FALSE,FALSE,2,61,61
47149,FALSE,TRUE,FALSE,FALSE,TRUE,3,397,NA
47157,FALSE,FALSE,TRUE,TRUE,TRUE,4,306,NA
47220,TRUE,FALSE,TRUE,FALSE,FALSE,3,276,NA
47253,FALSE,FALSE,TRUE,FALSE,FALSE,2,123,NA
47271,TRUE,FALSE,FALSE,FALSE,FALSE,3,31,31
47289,FALSE,FALSE,TRUE,FALSE,FALSE,3,92,NA
47530,FALSE,TRUE,FALSE,TRUE,TRUE,2,153,NA
47536,FALSE,FALSE,TRUE,FALSE,TRUE,2,92,NA
47572,FALSE,TRUE,TRUE,FALSE,FALSE,3,92,NA
47573,FALSE,FALSE,TRUE,TRUE,FALSE,4,0,0
47590,TRUE,TRUE,TRUE,FALSE,TRUE,2,92,NA
47592,FALSE,TRUE,TRUE,TRUE,FALSE,3,123,NA
47653,FALSE,TRUE,TRUE,FALSE,FALSE,3,397,NA
47655,TRUE,FALSE,TRUE,TRUE,TRUE,3,30,30
47678,FALSE,TRUE,TRUE,TRUE,TRUE,3,337,NA
47740,FALSE,FALSE,TRUE,FALSE,TRUE,2,184,184
47767,TRUE,TRUE,TRUE,TRUE,TRUE,2,92,92
47775,TRUE,FALSE,TRUE,FALSE,TRUE,3,153,153
47804,TRUE,TRUE,TRUE,FALSE,FALSE,2,123,NA
47829,FALSE,FALSE,TRUE,FALSE,FALSE,2,31,31
48227,TRUE,TRUE,TRUE,TRUE,TRUE,5,184,NA
48241,FALSE,TRUE,TRUE,TRUE,FALSE,2,92,NA
48256,FALSE,FALSE,FALSE,FALSE,FALSE,2,0,0
48289,TRUE,TRUE,TRUE,TRUE,TRUE,2,153,NA
48296,FALSE,TRUE,TRUE,FALSE,TRUE,2,276,NA
48337,TRUE,FALSE,TRUE,FALSE,FALSE,2,153,NA
48361,TRUE,TRUE,TRUE,FALSE,FALSE,3,122,122
48366,FALSE,FALSE,TRUE,FALSE,FALSE,2,31,31
48398,FALSE,FALSE,TRUE,FALSE,FALSE,2,337,NA
48433,FALSE,TRUE,TRUE,TRUE,FALSE,3,123,NA
48475,FALSE,FALSE,TRUE,FALSE,TRUE,3,153,NA
48488,FALSE,TRUE,TRUE,TRUE,FALSE,2,337,NA
48526,FALSE,TRUE,TRUE,TRUE,FALSE,3,245,NA
48532,FALSE,TRUE,TRUE,FALSE,TRUE,3,153,NA
48539,FALSE,FALSE,TRUE,FALSE,FALSE,2,337,NA
48555,TRUE,FALSE,TRUE,FALSE,FALSE,3,92,92
48565,FALSE,TRUE,TRUE,FALSE,FALSE,2,61,61
48613,FALSE,FALSE,TRUE,TRUE,FALSE,2,31,31
48665,FALSE,TRUE,TRUE,FALSE,FALSE,2,62,NA
48717,FALSE,FALSE,TRUE,FALSE,FALSE,4,215,NA
48721,FALSE,TRUE,TRUE,TRUE,FALSE,4,90,90
48753,FALSE,TRUE,TRUE,TRUE,FALSE,2,183,183
48756,FALSE,TRUE,TRUE,TRUE,TRUE,3,397,NA
48776,FALSE,FALSE,TRUE,FALSE,FALSE,2,29,29
48782,FALSE,FALSE,TRUE,FALSE,FALSE,2,61,61
48805,FALSE,TRUE,TRUE,TRUE,FALSE,3,276,NA
48810,FALSE,FALSE,FALSE,FALSE,FALSE,3,123,NA
48817,FALSE,TRUE,TRUE,FALSE,FALSE,2,153,153
48820,FALSE,FALSE,TRUE,TRUE,FALSE,2,122,122
48828,TRUE,TRUE,TRUE,TRUE,FALSE,3,184,NA
48851,TRUE,FALSE,TRUE,FALSE,FALSE,4,62,NA
48879,FALSE,FALSE,TRUE,FALSE,FALSE,2,275,275
48947,TRUE,TRUE,TRUE,FALSE,FALSE,2,184,184
49016,FALSE,FALSE,TRUE,FALSE,FALSE,2,92,NA
49055,FALSE,FALSE,TRUE,FALSE,FALSE,3,152,152
49081,FALSE,FALSE,TRUE,TRUE,FALSE,2,184,184
49086,FALSE,FALSE,TRUE,FALSE,TRUE,2,397,NA
49188,FALSE,TRUE,TRUE,TRUE,TRUE,3,92,92
49410,TRUE,TRUE,TRUE,FALSE,TRUE,2,397,NA
49447,TRUE,TRUE,TRUE,TRUE,FALSE,4,122,122
49456,FALSE,FALSE,TRUE,TRUE,FALSE,2,123,NA
49551,FALSE,FALSE,TRUE,FALSE,FALSE,2,62,NA
49562,FALSE,FALSE,TRUE,FALSE,FALSE,2,62,NA
49568,FALSE,TRUE,TRUE,TRUE,TRUE,4,123,NA
49584,TRUE,TRUE,TRUE,FALSE,FALSE,3,31,31
49634,FALSE,FALSE,TRUE,FALSE,FALSE,2,62,NA
49662,FALSE,FALSE,TRUE,FALSE,FALSE,3,60,60
49678,TRUE,TRUE,TRUE,FALSE,FALSE,2,153,NA
49680,FALSE,FALSE,TRUE,TRUE,FALSE,2,306,NA
49689,FALSE,TRUE,TRUE,FALSE,FALSE,2,30,30
49740,TRUE,FALSE,TRUE,FALSE,FALSE,2,122,122
49870,FALSE,FALSE,TRUE,FALSE,FALSE,4,121,121
49946,TRUE,TRUE,TRUE,TRUE,TRUE,2,31,31
50096,FALSE,FALSE,TRUE,TRUE,FALSE,2,31,31
50199,TRUE,TRUE,TRUE,FALSE,FALSE,3,62,NA
50263,FALSE,TRUE,TRUE,TRUE,FALSE,2,275,275
50545,FALSE,FALSE,TRUE,FALSE,FALSE,3,275,275
50644,TRUE,TRUE,TRUE,TRUE,TRUE,2,123,NA
50647,TRUE,FALSE,TRUE,FALSE,FALSE,3,153,153
50662,FALSE,FALSE,TRUE,FALSE,FALSE,3,276,NA
50805,FALSE,TRUE,TRUE,TRUE,FALSE,2,123,NA
50813,FALSE,TRUE,TRUE,TRUE,FALSE,5,183,183
50815,TRUE,TRUE,TRUE,FALSE,TRUE,3,337,NA
50867,FALSE,TRUE,TRUE,FALSE,TRUE,3,153,NA
50874,TRUE,TRUE,TRUE,FALSE,TRUE,2,215,NA
50942,FALSE,FALSE,FALSE,FALSE,FALSE,2,184,184
50985,TRUE,TRUE,TRUE,TRUE,FALSE,2,61,61
51053,TRUE,TRUE,TRUE,FALSE,TRUE,2,337,NA
51085,TRUE,TRUE,TRUE,TRUE,FALSE,3,123,NA
51098,TRUE,TRUE,TRUE,TRUE,TRUE,2,274,274
51129,TRUE,TRUE,TRUE,TRUE,TRUE,4,31,31
51132,TRUE,TRUE,TRUE,TRUE,TRUE,2,366,NA
51178,TRUE,TRUE,TRUE,FALSE,FALSE,2,245,NA
51184,TRUE,FALSE,TRUE,TRUE,TRUE,2,337,NA
51196,FALSE,TRUE,TRUE,FALSE,TRUE,2,123,NA
51306,FALSE,TRUE,TRUE,FALSE,TRUE,2,123,NA
51334,FALSE,TRUE,TRUE,FALSE,FALSE,2,61,61
51337,FALSE,FALSE,TRUE,FALSE,FALSE,2,245,245
51343,TRUE,TRUE,TRUE,TRUE,TRUE,2,60,60
51388,FALSE,FALSE,FALSE,FALSE,FALSE,2,92,NA
51404,TRUE,FALSE,TRUE,FALSE,FALSE,3,60,60
51416,FALSE,FALSE,TRUE,FALSE,FALSE,2,213,213
51473,TRUE,TRUE,TRUE,TRUE,TRUE,2,123,NA
51485,FALSE,FALSE,TRUE,FALSE,FALSE,1,182,182
51645,FALSE,FALSE,TRUE,FALSE,FALSE,3,306,NA
51650,TRUE,TRUE,TRUE,FALSE,TRUE,2,0,0
51689,FALSE,TRUE,TRUE,FALSE,FALSE,4,31,31
51692,FALSE,FALSE,FALSE,FALSE,TRUE,2,214,214
51693,FALSE,FALSE,FALSE,FALSE,TRUE,2,304,304
51696,FALSE,FALSE,FALSE,FALSE,FALSE,2,61,61
51908,FALSE,TRUE,FALSE,FALSE,FALSE,4,366,NA
51910,FALSE,TRUE,TRUE,FALSE,FALSE,1,337,NA
51922,FALSE,FALSE,TRUE,FALSE,FALSE,2,31,31
51950,TRUE,TRUE,TRUE,TRUE,TRUE,5,62,NA
52005,TRUE,TRUE,FALSE,FALSE,FALSE,2,62,NA
52058,TRUE,TRUE,TRUE,TRUE,FALSE,4,62,NA
52085,FALSE,TRUE,TRUE,TRUE,FALSE,4,62,NA
52145,TRUE,TRUE,TRUE,TRUE,TRUE,3,215,NA
52184,FALSE,TRUE,TRUE,TRUE,FALSE,2,92,92
52204,FALSE,TRUE,TRUE,FALSE,TRUE,2,366,NA
52223,FALSE,TRUE,TRUE,FALSE,FALSE,3,31,31
52239,TRUE,TRUE,TRUE,FALSE,TRUE,2,153,NA
52276,FALSE,TRUE,TRUE,FALSE,FALSE,2,0,0
52283,FALSE,FALSE,FALSE,FALSE,FALSE,2,214,214
52302,FALSE,FALSE,TRUE,FALSE,FALSE,2,184,184
52338,FALSE,FALSE,TRUE,FALSE,FALSE,2,184,NA
52343,FALSE,TRUE,TRUE,TRUE,FALSE,2,214,214
52359,TRUE,TRUE,TRUE,FALSE,TRUE,2,123,NA
52372,TRUE,TRUE,TRUE,FALSE,FALSE,2,62,NA
52375,FALSE,TRUE,TRUE,TRUE,FALSE,2,123,NA
52396,FALSE,FALSE,TRUE,FALSE,FALSE,2,61,61
52405,FALSE,FALSE,TRUE,FALSE,FALSE,3,62,NA
52485,FALSE,FALSE,TRUE,FALSE,FALSE,4,30,30
52546,FALSE,FALSE,TRUE,TRUE,FALSE,3,60,60
52552,FALSE,FALSE,TRUE,FALSE,TRUE,2,275,275
52761,FALSE,TRUE,TRUE,TRUE,FALSE,3,29,29
52926,TRUE,TRUE,TRUE,FALSE,FALSE,2,245,NA
52937,TRUE,TRUE,TRUE,FALSE,FALSE,3,31,31
52947,TRUE,TRUE,FALSE,FALSE,FALSE,4,92,92
52964,FALSE,TRUE,TRUE,FALSE,TRUE,3,184,NA
52971,FALSE,FALSE,TRUE,TRUE,TRUE,2,275,275
52976,FALSE,FALSE,TRUE,TRUE,TRUE,2,91,91
53000,TRUE,FALSE,TRUE,FALSE,FALSE,2,276,NA
53005,FALSE,TRUE,TRUE,FALSE,FALSE,2,122,122
53054,FALSE,FALSE,FALSE,FALSE,TRUE,2,184,NA
53115,TRUE,TRUE,TRUE,FALSE,FALSE,2,214,214
53194,FALSE,FALSE,TRUE,FALSE,FALSE,2,29,29
53200,FALSE,TRUE,TRUE,FALSE,TRUE,2,215,NA
53205,TRUE,TRUE,TRUE,TRUE,TRUE,1,337,NA
53215,FALSE,FALSE,TRUE,FALSE,FALSE,2,61,61
53264,TRUE,FALSE,TRUE,TRUE,FALSE,2,123,NA
53266,FALSE,TRUE,TRUE,FALSE,TRUE,2,92,NA
53282,TRUE,TRUE,TRUE,FALSE,FALSE,2,337,NA
53305,TRUE,TRUE,TRUE,TRUE,TRUE,2,184,NA
53410,FALSE,FALSE,FALSE,FALSE,FALSE,2,61,61
53426,FALSE,FALSE,TRUE,FALSE,TRUE,2,62,NA
53432,FALSE,TRUE,TRUE,TRUE,TRUE,2,92,NA
53446,FALSE,TRUE,TRUE,FALSE,FALSE,2,215,NA
53534,TRUE,TRUE,FALSE,TRUE,FALSE,3,31,31
53561,FALSE,TRUE,TRUE,TRUE,TRUE,2,245,NA
53573,FALSE,TRUE,TRUE,FALSE,FALSE,2,31,31
53575,FALSE,TRUE,FALSE,TRUE,FALSE,4,306,NA
53603,TRUE,TRUE,TRUE,FALSE,FALSE,2,0,0
53659,TRUE,FALSE,TRUE,FALSE,TRUE,3,153,NA
53673,FALSE,FALSE,TRUE,TRUE,TRUE,2,245,NA
53679,FALSE,TRUE,TRUE,FALSE,FALSE,1,62,NA
53688,FALSE,FALSE,TRUE,TRUE,FALSE,3,123,NA
53742,TRUE,FALSE,FALSE,FALSE,FALSE,2,215,NA
53793,FALSE,TRUE,TRUE,FALSE,FALSE,3,275,275
53838,FALSE,FALSE,TRUE,FALSE,FALSE,3,92,NA
53929,TRUE,TRUE,TRUE,FALSE,FALSE,2,30,30
53948,FALSE,TRUE,TRUE,FALSE,FALSE,2,31,31
54075,FALSE,TRUE,TRUE,TRUE,FALSE,3,31,31
54083,FALSE,TRUE,TRUE,FALSE,FALSE,2,366,NA
54120,FALSE,TRUE,TRUE,TRUE,FALSE,2,215,NA
54125,FALSE,TRUE,TRUE,FALSE,FALSE,2,152,152
54158,FALSE,TRUE,TRUE,TRUE,FALSE,2,31,31
54179,TRUE,FALSE,TRUE,FALSE,FALSE,3,62,NA
54207,TRUE,FALSE,TRUE,FALSE,FALSE,2,123,NA
54231,TRUE,TRUE,TRUE,FALSE,FALSE,3,337,NA
54237,FALSE,FALSE,TRUE,FALSE,FALSE,3,122,122
54256,TRUE,TRUE,TRUE,TRUE,FALSE,2,122,122
54269,FALSE,TRUE,TRUE,TRUE,FALSE,3,91,91
54285,FALSE,TRUE,TRUE,FALSE,TRUE,2,245,NA
54390,TRUE,TRUE,TRUE,TRUE,FALSE,2,62,62
54394,FALSE,TRUE,TRUE,TRUE,FALSE,2,61,61
54427,FALSE,TRUE,TRUE,FALSE,TRUE,2,306,NA
54505,TRUE,FALSE,TRUE,FALSE,FALSE,3,92,NA
54538,FALSE,FALSE,TRUE,FALSE,FALSE,1,245,NA
54586,FALSE,TRUE,TRUE,FALSE,TRUE,4,214,214
54600,FALSE,FALSE,TRUE,FALSE,FALSE,2,276,NA
54642,FALSE,FALSE,TRUE,FALSE,FALSE,2,91,91
54680,FALSE,TRUE,TRUE,FALSE,FALSE,3,366,NA
54686,FALSE,FALSE,TRUE,FALSE,TRUE,2,62,NA
54748,TRUE,TRUE,FALSE,FALSE,FALSE,2,121,121
54758,TRUE,TRUE,TRUE,TRUE,FALSE,3,91,91
54781,TRUE,FALSE,TRUE,FALSE,TRUE,1,92,NA
54788,TRUE,TRUE,TRUE,FALSE,TRUE,2,61,61
54814,TRUE,TRUE,TRUE,TRUE,TRUE,2,62,NA
54856,TRUE,TRUE,TRUE,TRUE,FALSE,1,153,153
54859,FALSE,FALSE,TRUE,FALSE,FALSE,2,184,NA
54874,TRUE,TRUE,TRUE,TRUE,TRUE,3,215,NA
54935,FALSE,FALSE,TRUE,TRUE,FALSE,3,215,NA
54949,FALSE,FALSE,TRUE,FALSE,FALSE,2,31,31
54950,FALSE,TRUE,TRUE,TRUE,FALSE,2,215,NA
54954,FALSE,FALSE,TRUE,FALSE,FALSE,3,31,31
54968,FALSE,FALSE,TRUE,FALSE,TRUE,3,153,NA
55040,TRUE,TRUE,TRUE,TRUE,FALSE,4,213,213
55059,FALSE,TRUE,TRUE,FALSE,FALSE,2,62,NA
55101,FALSE,TRUE,TRUE,FALSE,FALSE,2,31,31
55112,TRUE,TRUE,TRUE,TRUE,TRUE,2,92,NA
55133,FALSE,TRUE,TRUE,TRUE,TRUE,2,62,NA
55136,FALSE,TRUE,TRUE,TRUE,FALSE,2,61,61
55175,TRUE,FALSE,TRUE,FALSE,FALSE,3,62,NA
55198,TRUE,FALSE,TRUE,TRUE,TRUE,3,60,60
55219,TRUE,TRUE,TRUE,TRUE,TRUE,3,276,NA
55236,FALSE,FALSE,TRUE,FALSE,FALSE,2,92,92
55245,FALSE,FALSE,FALSE,FALSE,FALSE,3,123,NA
55273,FALSE,FALSE,FALSE,FALSE,TRUE,2,123,NA
55335,TRUE,TRUE,TRUE,TRUE,FALSE,3,276,NA
55383,FALSE,TRUE,TRUE,FALSE,FALSE,2,92,NA
55392,FALSE,FALSE,TRUE,TRUE,FALSE,3,92,NA
55504,FALSE,FALSE,TRUE,FALSE,FALSE,2,121,121
55525,FALSE,FALSE,FALSE,FALSE,FALSE,2,153,153
55600,TRUE,TRUE,TRUE,TRUE,FALSE,3,337,NA
55615,FALSE,TRUE,TRUE,FALSE,TRUE,2,122,122
55623,FALSE,TRUE,TRUE,TRUE,FALSE,2,337,NA
55700,FALSE,FALSE,TRUE,TRUE,FALSE,3,61,61
55719,FALSE,FALSE,TRUE,FALSE,TRUE,4,184,NA
55823,FALSE,FALSE,FALSE,FALSE,FALSE,2,184,NA
55839,FALSE,FALSE,FALSE,FALSE,FALSE,3,153,NA
55841,FALSE,TRUE,FALSE,FALSE,TRUE,2,31,31
55869,FALSE,FALSE,TRUE,FALSE,FALSE,2,123,NA
55881,TRUE,TRUE,TRUE,FALSE,FALSE,2,245,NA
55993,FALSE,TRUE,TRUE,TRUE,TRUE,2,91,91
56007,TRUE,FALSE,TRUE,FALSE,FALSE,2,397,NA
56008,TRUE,TRUE,TRUE,FALSE,TRUE,3,306,NA
56103,FALSE,TRUE,TRUE,FALSE,FALSE,3,62,NA
56115,FALSE,TRUE,FALSE,FALSE,TRUE,2,31,31
56122,FALSE,FALSE,FALSE,FALSE,FALSE,3,123,NA
56127,FALSE,TRUE,TRUE,FALSE,FALSE,2,153,153
56141,FALSE,FALSE,TRUE,FALSE,FALSE,2,92,NA
56156,FALSE,TRUE,TRUE,TRUE,FALSE,2,62,62
56183,FALSE,FALSE,TRUE,FALSE,FALSE,2,337,NA
56191,FALSE,TRUE,FALSE,TRUE,FALSE,3,366,NA
56197,TRUE,FALSE,TRUE,FALSE,FALSE,2,62,62
56237,FALSE,FALSE,TRUE,FALSE,TRUE,2,397,NA
56265,FALSE,FALSE,TRUE,FALSE,FALSE,1,275,275
56306,FALSE,TRUE,TRUE,FALSE,FALSE,2,123,NA
56314,FALSE,TRUE,TRUE,FALSE,FALSE,2,61,61
56318,FALSE,TRUE,FALSE,FALSE,TRUE,2,397,NA
56319,FALSE,FALSE,FALSE,FALSE,FALSE,2,366,NA
56370,FALSE,FALSE,FALSE,FALSE,FALSE,2,153,153
56397,FALSE,TRUE,TRUE,TRUE,FALSE,3,92,NA
56405,FALSE,FALSE,TRUE,FALSE,TRUE,2,92,NA
56490,TRUE,FALSE,FALSE,FALSE,FALSE,2,153,153
56499,TRUE,FALSE,FALSE,TRUE,FALSE,2,91,91
56504,FALSE,TRUE,TRUE,FALSE,FALSE,2,215,NA
56525,TRUE,FALSE,TRUE,FALSE,FALSE,3,184,NA
56531,FALSE,FALSE,TRUE,FALSE,FALSE,3,62,NA
56538,FALSE,FALSE,FALSE,FALSE,TRUE,2,92,92
56549,FALSE,FALSE,TRUE,TRUE,FALSE,2,92,92
56561,TRUE,FALSE,TRUE,FALSE,FALSE,2,61,61
56588,FALSE,TRUE,TRUE,TRUE,FALSE,2,62,NA
56638,FALSE,FALSE,TRUE,FALSE,TRUE,2,397,NA
56660,TRUE,TRUE,TRUE,TRUE,FALSE,2,61,61
56685,TRUE,FALSE,TRUE,FALSE,FALSE,2,366,NA
56693,FALSE,FALSE,TRUE,FALSE,FALSE,3,123,NA
56725,TRUE,TRUE,TRUE,TRUE,FALSE,2,275,275
56744,FALSE,FALSE,FALSE,TRUE,FALSE,2,153,NA
56768,TRUE,TRUE,TRUE,TRUE,TRUE,2,92,92
56799,FALSE,TRUE,TRUE,FALSE,FALSE,2,62,NA
56804,FALSE,FALSE,TRUE,FALSE,TRUE,3,184,NA
56813,FALSE,TRUE,TRUE,FALSE,TRUE,2,306,NA
56840,TRUE,TRUE,TRUE,FALSE,FALSE,3,215,NA
56847,FALSE,FALSE,TRUE,FALSE,FALSE,2,92,92
56860,FALSE,FALSE,TRUE,FALSE,TRUE,3,123,123
56865,FALSE,FALSE,FALSE,TRUE,FALSE,2,153,153
56912,FALSE,FALSE,TRUE,FALSE,TRUE,2,29,29
56925,FALSE,FALSE,FALSE,FALSE,FALSE,2,0,0
57046,FALSE,TRUE,TRUE,FALSE,FALSE,2,245,NA
57088,FALSE,FALSE,FALSE,FALSE,TRUE,2,305,305
57145,FALSE,FALSE,TRUE,TRUE,FALSE,2,31,31
57158,FALSE,TRUE,TRUE,FALSE,FALSE,2,31,31
57164,TRUE,FALSE,TRUE,FALSE,TRUE,2,153,NA
57171,FALSE,FALSE,TRUE,TRUE,TRUE,2,30,30
57217,FALSE,TRUE,TRUE,FALSE,FALSE,2,184,NA
57274,FALSE,FALSE,TRUE,FALSE,FALSE,2,91,91
57303,FALSE,TRUE,TRUE,TRUE,FALSE,3,153,153
57410,FALSE,FALSE,TRUE,FALSE,FALSE,2,153,153
57436,FALSE,FALSE,FALSE,FALSE,FALSE,2,60,60
57444,FALSE,TRUE,FALSE,FALSE,TRUE,3,31,31
57490,FALSE,TRUE,FALSE,FALSE,FALSE,2,275,275
57492,FALSE,TRUE,TRUE,FALSE,TRUE,2,276,NA
57509,FALSE,FALSE,TRUE,TRUE,FALSE,3,276,NA
57525,FALSE,TRUE,FALSE,FALSE,TRUE,2,92,NA
57556,TRUE,FALSE,TRUE,FALSE,FALSE,3,92,NA
57623,TRUE,FALSE,TRUE,FALSE,FALSE,3,0,0
57630,FALSE,TRUE,TRUE,TRUE,TRUE,4,184,NA
57663,FALSE,TRUE,TRUE,FALSE,FALSE,3,123,NA
57683,FALSE,TRUE,FALSE,TRUE,TRUE,3,184,NA
57697,TRUE,FALSE,TRUE,FALSE,TRUE,1,92,NA
57698,TRUE,TRUE,TRUE,TRUE,TRUE,2,153,153
57728,FALSE,FALSE,TRUE,FALSE,FALSE,2,92,NA
57732,TRUE,TRUE,TRUE,TRUE,FALSE,3,335,335
57744,FALSE,FALSE,TRUE,FALSE,TRUE,2,397,NA
57759,FALSE,FALSE,FALSE,FALSE,FALSE,2,62,NA
57816,FALSE,FALSE,TRUE,FALSE,FALSE,2,306,NA
57840,FALSE,TRUE,TRUE,FALSE,TRUE,3,153,NA
57870,FALSE,TRUE,TRUE,FALSE,TRUE,1,123,NA
57887,FALSE,FALSE,FALSE,TRUE,FALSE,2,92,92
57972,FALSE,FALSE,TRUE,FALSE,FALSE,2,245,NA
58022,FALSE,TRUE,TRUE,FALSE,TRUE,2,215,NA
58040,TRUE,TRUE,TRUE,TRUE,TRUE,2,31,31
58080,TRUE,TRUE,TRUE,FALSE,FALSE,3,153,NA
58092,FALSE,FALSE,TRUE,TRUE,FALSE,2,62,NA
58181,FALSE,TRUE,FALSE,TRUE,FALSE,2,92,NA
58232,TRUE,TRUE,TRUE,TRUE,FALSE,2,184,NA
58245,FALSE,TRUE,TRUE,FALSE,FALSE,3,61,61
58280,FALSE,TRUE,TRUE,TRUE,FALSE,3,92,NA
58291,FALSE,TRUE,TRUE,FALSE,FALSE,3,123,NA
58302,FALSE,FALSE,FALSE,FALSE,FALSE,2,214,214
58339,FALSE,TRUE,TRUE,FALSE,FALSE,2,337,NA
58347,TRUE,FALSE,TRUE,FALSE,FALSE,1,92,NA
58379,TRUE,TRUE,TRUE,FALSE,FALSE,4,276,NA
58381,FALSE,FALSE,TRUE,FALSE,TRUE,2,214,214
58383,FALSE,TRUE,FALSE,FALSE,FALSE,2,122,122
58406,TRUE,FALSE,TRUE,FALSE,FALSE,2,92,NA
58427,TRUE,FALSE,TRUE,FALSE,FALSE,2,153,153
58428,FALSE,FALSE,TRUE,FALSE,TRUE,3,215,NA
58431,FALSE,FALSE,TRUE,FALSE,FALSE,1,61,61
58447,FALSE,TRUE,TRUE,FALSE,FALSE,2,61,61
58451,TRUE,FALSE,TRUE,TRUE,FALSE,2,61,61
58463,TRUE,FALSE,TRUE,FALSE,FALSE,2,61,61
58492,FALSE,TRUE,TRUE,FALSE,FALSE,2,123,NA
58552,TRUE,TRUE,TRUE,TRUE,TRUE,2,245,NA
58561,FALSE,FALSE,TRUE,FALSE,TRUE,2,62,NA
58583,FALSE,TRUE,TRUE,TRUE,TRUE,3,215,NA
58618,FALSE,TRUE,TRUE,FALSE,TRUE,2,337,NA
58638,FALSE,TRUE,TRUE,FALSE,FALSE,3,184,NA
58643,FALSE,FALSE,TRUE,FALSE,FALSE,2,184,NA
58668,FALSE,TRUE,TRUE,FALSE,FALSE,2,31,31
58697,FALSE,FALSE,TRUE,TRUE,TRUE,1,337,NA
58702,FALSE,TRUE,FALSE,FALSE,FALSE,2,183,183
58704,FALSE,FALSE,TRUE,FALSE,FALSE,2,0,0
58712,FALSE,TRUE,FALSE,FALSE,TRUE,3,123,123
58723,FALSE,TRUE,TRUE,FALSE,FALSE,1,184,NA
58734,FALSE,TRUE,TRUE,FALSE,FALSE,2,31,31
58735,FALSE,TRUE,TRUE,FALSE,FALSE,3,90,90
58761,FALSE,FALSE,FALSE,FALSE,FALSE,3,184,NA
58784,TRUE,FALSE,TRUE,FALSE,FALSE,2,275,275
58787,FALSE,TRUE,TRUE,FALSE,FALSE,1,337,NA
58802,FALSE,TRUE,TRUE,TRUE,FALSE,3,184,184
58824,FALSE,TRUE,TRUE,FALSE,FALSE,3,306,NA
58844,FALSE,FALSE,TRUE,FALSE,FALSE,2,123,123
58857,TRUE,TRUE,TRUE,FALSE,TRUE,2,276,NA
58973,FALSE,TRUE,TRUE,FALSE,TRUE,2,306,NA
58994,TRUE,FALSE,TRUE,TRUE,FALSE,2,31,31
58998,FALSE,FALSE,TRUE,FALSE,TRUE,2,245,NA
58999,FALSE,FALSE,TRUE,FALSE,FALSE,2,121,121
59012,FALSE,TRUE,TRUE,FALSE,FALSE,2,397,NA
59034,FALSE,FALSE,FALSE,TRUE,FALSE,2,92,92
59036,FALSE,TRUE,FALSE,FALSE,TRUE,2,61,61
59054,TRUE,TRUE,TRUE,FALSE,TRUE,2,123,NA
59086,FALSE,FALSE,TRUE,FALSE,FALSE,2,91,91
59093,TRUE,TRUE,TRUE,FALSE,TRUE,2,62,62
59110,TRUE,FALSE,FALSE,FALSE,FALSE,2,123,NA
59156,FALSE,TRUE,TRUE,FALSE,TRUE,2,61,61
59162,FALSE,TRUE,TRUE,TRUE,FALSE,2,153,153
59180,FALSE,FALSE,TRUE,FALSE,FALSE,2,60,60
59226,FALSE,FALSE,TRUE,FALSE,TRUE,2,215,NA
59233,FALSE,TRUE,TRUE,FALSE,FALSE,2,60,60
59263,TRUE,TRUE,TRUE,FALSE,FALSE,3,60,60
59282,FALSE,FALSE,FALSE,FALSE,FALSE,1,62,NA
59384,TRUE,TRUE,TRUE,TRUE,FALSE,2,123,NA
59398,FALSE,TRUE,TRUE,FALSE,FALSE,2,153,NA
59433,TRUE,FALSE,TRUE,FALSE,FALSE,2,306,NA
59457,TRUE,FALSE,TRUE,TRUE,FALSE,3,276,NA
59458,FALSE,TRUE,TRUE,FALSE,TRUE,2,92,NA
59465,FALSE,FALSE,TRUE,TRUE,FALSE,2,92,NA
59476,FALSE,TRUE,TRUE,FALSE,FALSE,2,152,152
59486,FALSE,FALSE,TRUE,TRUE,TRUE,2,215,NA
59512,FALSE,TRUE,FALSE,FALSE,FALSE,2,62,NA
59576,FALSE,FALSE,FALSE,FALSE,FALSE,2,121,121
59592,TRUE,TRUE,TRUE,TRUE,FALSE,2,62,NA
59605,FALSE,TRUE,TRUE,FALSE,FALSE,2,62,NA
59632,FALSE,FALSE,TRUE,FALSE,FALSE,2,184,NA
59661,TRUE,FALSE,FALSE,FALSE,FALSE,2,183,183
59663,FALSE,FALSE,FALSE,FALSE,FALSE,2,62,NA
59677,FALSE,FALSE,FALSE,FALSE,FALSE,2,92,NA
59679,TRUE,TRUE,TRUE,TRUE,FALSE,2,184,NA
59693,FALSE,TRUE,TRUE,FALSE,TRUE,1,366,NA
59697,TRUE,TRUE,TRUE,TRUE,FALSE,2,276,NA
59717,TRUE,FALSE,TRUE,FALSE,TRUE,1,337,NA
59722,TRUE,FALSE,TRUE,FALSE,TRUE,2,92,NA
59765,FALSE,TRUE,FALSE,TRUE,FALSE,2,0,0
59783,FALSE,FALSE,FALSE,FALSE,TRUE,1,92,NA
59798,FALSE,FALSE,TRUE,FALSE,TRUE,2,123,NA
59815,FALSE,TRUE,TRUE,TRUE,TRUE,2,276,NA
59841,FALSE,TRUE,TRUE,FALSE,FALSE,2,62,NA
59855,FALSE,FALSE,TRUE,FALSE,FALSE,2,153,NA
59883,FALSE,TRUE,TRUE,FALSE,FALSE,2,337,NA
59888,TRUE,TRUE,TRUE,FALSE,FALSE,2,62,NA
59899,FALSE,FALSE,TRUE,FALSE,FALSE,2,61,61
59906,TRUE,TRUE,TRUE,TRUE,TRUE,2,214,214
60003,FALSE,FALSE,FALSE,FALSE,FALSE,2,153,153
60033,FALSE,FALSE,TRUE,FALSE,FALSE,2,184,NA
60035,TRUE,TRUE,TRUE,TRUE,FALSE,2,123,NA
60064,FALSE,TRUE,TRUE,TRUE,FALSE,2,184,NA
60071,FALSE,TRUE,FALSE,FALSE,TRUE,2,366,NA
60083,FALSE,FALSE,TRUE,FALSE,FALSE,2,61,61
60090,TRUE,TRUE,TRUE,FALSE,FALSE,2,122,122
60103,FALSE,FALSE,FALSE,FALSE,FALSE,1,122,122
60111,FALSE,FALSE,TRUE,FALSE,TRUE,2,123,NA
60132,FALSE,FALSE,TRUE,TRUE,FALSE,2,62,NA
60133,TRUE,FALSE,FALSE,FALSE,FALSE,2,0,0
60166,TRUE,TRUE,TRUE,FALSE,FALSE,2,123,NA
60173,FALSE,FALSE,FALSE,FALSE,TRUE,2,123,NA
60180,FALSE,TRUE,TRUE,FALSE,FALSE,2,123,NA
60205,TRUE,TRUE,TRUE,FALSE,TRUE,2,306,NA
60250,FALSE,FALSE,TRUE,FALSE,FALSE,2,62,NA
60298,TRUE,TRUE,TRUE,TRUE,FALSE,2,61,61
60334,TRUE,TRUE,TRUE,TRUE,FALSE,2,153,153
60372,FALSE,TRUE,TRUE,FALSE,FALSE,2,92,NA
60374,TRUE,TRUE,TRUE,FALSE,TRUE,2,306,NA
60380,FALSE,FALSE,TRUE,FALSE,TRUE,2,123,NA
60383,FALSE,FALSE,TRUE,TRUE,FALSE,2,245,NA
60400,FALSE,FALSE,FALSE,FALSE,FALSE,2,31,31
60410,FALSE,TRUE,TRUE,FALSE,FALSE,2,92,NA
60414,FALSE,FALSE,TRUE,FALSE,FALSE,2,92,92
60416,FALSE,FALSE,FALSE,FALSE,FALSE,2,62,NA
60441,FALSE,FALSE,FALSE,FALSE,FALSE,2,62,NA
60456,TRUE,TRUE,TRUE,TRUE,TRUE,2,62,NA
60497,TRUE,TRUE,TRUE,TRUE,TRUE,2,276,NA
60516,TRUE,FALSE,TRUE,TRUE,FALSE,2,397,NA
60533,FALSE,TRUE,TRUE,FALSE,TRUE,2,184,184
60543,FALSE,FALSE,TRUE,TRUE,FALSE,2,92,92
60549,TRUE,TRUE,TRUE,FALSE,TRUE,2,123,NA
60604,FALSE,FALSE,TRUE,FALSE,FALSE,2,62,NA
60612,FALSE,TRUE,TRUE,FALSE,TRUE,2,92,NA
60633,FALSE,FALSE,TRUE,FALSE,FALSE,2,184,NA
60639,TRUE,TRUE,TRUE,TRUE,FALSE,2,184,NA
60643,FALSE,FALSE,TRUE,FALSE,FALSE,2,337,NA
60671,FALSE,FALSE,TRUE,FALSE,FALSE,2,31,31
60680,TRUE,TRUE,TRUE,TRUE,FALSE,2,153,NA
60694,TRUE,FALSE,FALSE,FALSE,FALSE,1,397,NA
60697,FALSE,FALSE,FALSE,FALSE,FALSE,1,0,0
60699,FALSE,FALSE,FALSE,FALSE,FALSE,1,31,31
60700,TRUE,TRUE,TRUE,TRUE,FALSE,2,123,NA
60701,TRUE,FALSE,TRUE,TRUE,FALSE,1,60,60
60706,FALSE,TRUE,TRUE,FALSE,FALSE,2,62,NA
60707,FALSE,FALSE,FALSE,FALSE,FALSE,1,397,NA
60710,TRUE,FALSE,TRUE,FALSE,FALSE,1,397,NA
60713,FALSE,FALSE,FALSE,FALSE,FALSE,1,397,NA
60715,FALSE,TRUE,TRUE,FALSE,FALSE,1,0,0
60718,TRUE,TRUE,TRUE,TRUE,TRUE,1,121,121
60719,FALSE,FALSE,FALSE,FALSE,FALSE,1,0,0
60720,FALSE,TRUE,FALSE,FALSE,TRUE,1,121,121
60723,FALSE,FALSE,FALSE,FALSE,FALSE,1,121,121
60729,FALSE,FALSE,TRUE,TRUE,FALSE,1,121,121
60730,FALSE,FALSE,FALSE,FALSE,FALSE,1,397,NA
60731,TRUE,TRUE,TRUE,TRUE,TRUE,1,305,305
60735,FALSE,FALSE,TRUE,FALSE,FALSE,1,0,0
60736,FALSE,FALSE,TRUE,FALSE,FALSE,1,213,213
60738,FALSE,FALSE,FALSE,FALSE,FALSE,1,244,244
60740,FALSE,TRUE,FALSE,FALSE,FALSE,1,213,213
60741,TRUE,TRUE,TRUE,TRUE,FALSE,1,182,182
60743,TRUE,FALSE,TRUE,FALSE,TRUE,1,397,NA
60744,FALSE,FALSE,TRUE,FALSE,TRUE,1,91,91
60745,FALSE,FALSE,TRUE,FALSE,TRUE,1,397,NA
60747,FALSE,TRUE,FALSE,FALSE,FALSE,1,31,31
60750,TRUE,TRUE,TRUE,TRUE,FALSE,1,60,60
60752,FALSE,TRUE,TRUE,FALSE,FALSE,1,182,182
60753,TRUE,FALSE,FALSE,TRUE,FALSE,1,31,31
60755,FALSE,TRUE,FALSE,FALSE,FALSE,1,91,91
60756,FALSE,FALSE,FALSE,FALSE,FALSE,1,60,60
60760,FALSE,FALSE,TRUE,FALSE,FALSE,1,31,31
60762,FALSE,FALSE,FALSE,FALSE,FALSE,1,305,305
60764,FALSE,FALSE,TRUE,FALSE,FALSE,1,397,NA
60766,FALSE,TRUE,TRUE,FALSE,TRUE,1,121,121
60767,FALSE,FALSE,FALSE,FALSE,FALSE,1,182,182
60770,FALSE,FALSE,FALSE,FALSE,FALSE,1,31,31
60771,FALSE,FALSE,FALSE,FALSE,TRUE,1,60,60
60772,TRUE,FALSE,TRUE,FALSE,TRUE,1,397,NA
60774,FALSE,FALSE,FALSE,FALSE,FALSE,1,121,121
60777,FALSE,FALSE,TRUE,FALSE,FALSE,1,335,335
60781,FALSE,FALSE,TRUE,FALSE,FALSE,1,305,305
60782,FALSE,FALSE,FALSE,FALSE,FALSE,1,274,274
60787,FALSE,FALSE,TRUE,FALSE,FALSE,1,152,152
60788,FALSE,FALSE,TRUE,FALSE,TRUE,1,152,152
60789,FALSE,TRUE,TRUE,FALSE,FALSE,1,397,NA
60793,FALSE,FALSE,TRUE,TRUE,FALSE,1,366,NA
60794,TRUE,FALSE,TRUE,TRUE,TRUE,1,366,NA
60799,FALSE,FALSE,TRUE,FALSE,FALSE,1,213,213
60806,FALSE,FALSE,FALSE,FALSE,FALSE,1,213,213
60807,FALSE,TRUE,FALSE,FALSE,FALSE,1,121,121
60811,FALSE,FALSE,FALSE,FALSE,FALSE,1,243,243
60814,FALSE,FALSE,FALSE,FALSE,FALSE,1,91,91
60817,FALSE,TRUE,FALSE,TRUE,FALSE,2,184,184
60818,FALSE,FALSE,TRUE,FALSE,FALSE,1,121,121
60820,FALSE,FALSE,FALSE,FALSE,FALSE,1,397,NA
60821,TRUE,TRUE,TRUE,FALSE,FALSE,1,31,31
60822,FALSE,FALSE,FALSE,FALSE,TRUE,1,366,NA
60823,FALSE,TRUE,TRUE,FALSE,TRUE,1,366,NA
60825,TRUE,FALSE,FALSE,FALSE,FALSE,1,366,NA
60829,FALSE,FALSE,TRUE,FALSE,FALSE,1,31,31
60836,FALSE,FALSE,FALSE,TRUE,FALSE,1,121,121
60838,TRUE,FALSE,TRUE,FALSE,FALSE,2,0,0
60839,FALSE,FALSE,FALSE,FALSE,FALSE,1,151,151
60841,FALSE,FALSE,TRUE,FALSE,FALSE,1,29,29
60842,TRUE,FALSE,TRUE,FALSE,TRUE,1,274,274
60843,FALSE,FALSE,TRUE,TRUE,FALSE,1,60,60
60847,FALSE,FALSE,TRUE,FALSE,FALSE,1,304,304
60850,FALSE,TRUE,FALSE,FALSE,FALSE,1,274,274
60852,FALSE,FALSE,TRUE,TRUE,FALSE,1,397,NA
60853,FALSE,FALSE,FALSE,FALSE,FALSE,1,0,0
60854,FALSE,FALSE,FALSE,FALSE,FALSE,1,91,91
60856,FALSE,FALSE,FALSE,FALSE,FALSE,1,397,NA
60857,FALSE,FALSE,TRUE,TRUE,FALSE,1,244,244
60859,FALSE,FALSE,FALSE,FALSE,FALSE,1,182,182
60862,FALSE,FALSE,FALSE,FALSE,FALSE,1,366,NA
60863,FALSE,TRUE,TRUE,FALSE,FALSE,1,366,NA
60864,FALSE,FALSE,TRUE,FALSE,FALSE,2,61,61
60869,FALSE,FALSE,TRUE,FALSE,FALSE,1,0,0
60870,FALSE,FALSE,TRUE,FALSE,FALSE,1,366,NA
60871,FALSE,FALSE,TRUE,FALSE,TRUE,1,366,NA
60872,FALSE,TRUE,TRUE,FALSE,FALSE,1,90,90
60873,FALSE,TRUE,TRUE,TRUE,FALSE,1,121,121
60874,FALSE,TRUE,TRUE,FALSE,FALSE,1,121,121
60875,FALSE,FALSE,FALSE,FALSE,FALSE,1,29,29
60876,FALSE,TRUE,TRUE,FALSE,FALSE,1,121,121
60877,FALSE,TRUE,FALSE,FALSE,FALSE,1,60,60
60878,FALSE,FALSE,FALSE,FALSE,TRUE,1,366,NA
60882,TRUE,FALSE,TRUE,FALSE,FALSE,1,366,NA
60883,FALSE,TRUE,TRUE,TRUE,TRUE,2,30,30
60884,FALSE,FALSE,TRUE,FALSE,FALSE,1,90,90
60885,FALSE,FALSE,FALSE,FALSE,FALSE,1,60,60
60888,FALSE,FALSE,FALSE,FALSE,FALSE,2,184,NA
60889,FALSE,FALSE,FALSE,FALSE,FALSE,1,60,60
60890,FALSE,FALSE,TRUE,FALSE,TRUE,1,366,NA
60893,FALSE,TRUE,TRUE,FALSE,FALSE,1,182,182
60895,TRUE,TRUE,TRUE,FALSE,FALSE,1,243,243
60896,FALSE,FALSE,TRUE,FALSE,FALSE,1,366,NA
60897,FALSE,FALSE,FALSE,FALSE,FALSE,1,151,151
60900,FALSE,TRUE,TRUE,TRUE,TRUE,2,276,NA
60901,FALSE,FALSE,TRUE,FALSE,FALSE,1,0,0
60902,FALSE,FALSE,FALSE,FALSE,FALSE,1,366,NA
60903,FALSE,FALSE,TRUE,FALSE,FALSE,1,366,NA
60904,FALSE,TRUE,TRUE,FALSE,FALSE,1,60,60
60906,TRUE,FALSE,TRUE,FALSE,FALSE,1,274,274
60907,TRUE,FALSE,TRUE,FALSE,TRUE,1,366,NA
60908,FALSE,FALSE,TRUE,TRUE,FALSE,1,60,60
60909,FALSE,FALSE,FALSE,FALSE,FALSE,1,366,NA
60914,FALSE,FALSE,TRUE,FALSE,FALSE,1,366,NA
60915,FALSE,FALSE,FALSE,FALSE,FALSE,2,153,NA
60916,FALSE,TRUE,TRUE,FALSE,FALSE,1,90,90
60919,FALSE,TRUE,FALSE,TRUE,FALSE,1,366,NA
60920,TRUE,TRUE,TRUE,FALSE,FALSE,1,337,NA
60921,FALSE,FALSE,TRUE,FALSE,FALSE,1,0,0
60923,FALSE,TRUE,TRUE,TRUE,FALSE,1,31,31
60925,FALSE,FALSE,FALSE,FALSE,FALSE,1,122,122
60928,FALSE,TRUE,TRUE,FALSE,FALSE,1,122,122
60929,FALSE,FALSE,TRUE,TRUE,FALSE,1,337,337
60930,TRUE,TRUE,TRUE,FALSE,FALSE,1,397,NA
60932,FALSE,TRUE,TRUE,FALSE,TRUE,1,337,NA
60937,FALSE,TRUE,TRUE,TRUE,FALSE,1,274,274
60938,FALSE,FALSE,TRUE,FALSE,FALSE,1,0,0
60943,FALSE,FALSE,FALSE,FALSE,FALSE,1,337,NA
60945,FALSE,FALSE,FALSE,FALSE,TRUE,1,61,61
60946,TRUE,FALSE,FALSE,FALSE,FALSE,1,337,NA
60948,FALSE,TRUE,TRUE,FALSE,TRUE,1,337,NA
60949,FALSE,FALSE,FALSE,FALSE,TRUE,1,337,NA
60950,TRUE,TRUE,TRUE,FALSE,TRUE,2,153,153
60951,FALSE,FALSE,FALSE,FALSE,FALSE,1,61,61
60953,TRUE,TRUE,TRUE,TRUE,FALSE,1,337,NA
60961,FALSE,TRUE,TRUE,TRUE,FALSE,1,31,31
60962,FALSE,FALSE,TRUE,FALSE,FALSE,1,122,122
60964,FALSE,TRUE,TRUE,FALSE,FALSE,1,92,92
60966,TRUE,FALSE,TRUE,FALSE,FALSE,1,92,92
60967,FALSE,FALSE,TRUE,FALSE,FALSE,1,61,61
60968,FALSE,FALSE,FALSE,FALSE,FALSE,1,122,122
60969,TRUE,FALSE,TRUE,FALSE,TRUE,1,337,NA
60970,FALSE,TRUE,TRUE,TRUE,FALSE,1,61,61
60971,FALSE,FALSE,FALSE,FALSE,FALSE,1,92,92
60972,FALSE,TRUE,FALSE,FALSE,FALSE,1,0,0
60975,FALSE,TRUE,TRUE,FALSE,FALSE,1,61,61
60978,TRUE,TRUE,TRUE,TRUE,FALSE,3,153,NA
60979,FALSE,FALSE,TRUE,FALSE,TRUE,1,337,NA
60980,FALSE,FALSE,FALSE,FALSE,FALSE,1,61,61
60983,FALSE,FALSE,FALSE,FALSE,FALSE,1,122,122
60984,FALSE,FALSE,FALSE,FALSE,FALSE,1,153,153
60986,FALSE,FALSE,TRUE,FALSE,FALSE,1,153,153
60988,FALSE,TRUE,TRUE,TRUE,FALSE,1,245,245
60989,FALSE,TRUE,FALSE,TRUE,FALSE,1,31,31
60990,FALSE,FALSE,TRUE,FALSE,FALSE,1,337,NA
60991,TRUE,FALSE,TRUE,FALSE,FALSE,1,245,245
60994,FALSE,TRUE,TRUE,FALSE,FALSE,1,337,NA
60995,FALSE,FALSE,TRUE,TRUE,FALSE,1,214,214
60996,FALSE,FALSE,FALSE,FALSE,FALSE,1,31,31
60998,FALSE,FALSE,FALSE,FALSE,FALSE,1,0,0
61000,FALSE,TRUE,TRUE,FALSE,FALSE,1,337,NA
61002,TRUE,FALSE,TRUE,FALSE,FALSE,1,337,NA
61003,FALSE,FALSE,TRUE,FALSE,FALSE,1,337,NA
61005,FALSE,FALSE,FALSE,FALSE,FALSE,1,31,31
61006,FALSE,FALSE,FALSE,FALSE,FALSE,1,337,NA
61010,FALSE,FALSE,FALSE,FALSE,FALSE,1,153,153
61011,FALSE,TRUE,TRUE,FALSE,FALSE,1,337,NA
61014,TRUE,TRUE,TRUE,TRUE,TRUE,2,62,NA
61015,FALSE,FALSE,FALSE,FALSE,FALSE,1,153,153
61020,FALSE,FALSE,FALSE,FALSE,FALSE,1,122,122
61022,TRUE,FALSE,TRUE,FALSE,FALSE,1,122,122
61023,TRUE,FALSE,TRUE,TRUE,TRUE,1,337,NA
61024,TRUE,TRUE,TRUE,TRUE,FALSE,1,122,122
61025,TRUE,TRUE,TRUE,TRUE,TRUE,1,337,NA
61026,FALSE,FALSE,FALSE,FALSE,FALSE,1,31,31
61029,FALSE,FALSE,TRUE,FALSE,FALSE,1,337,NA
61033,FALSE,FALSE,TRUE,FALSE,FALSE,1,337,NA
61035,FALSE,FALSE,FALSE,FALSE,FALSE,1,91,91
61037,FALSE,TRUE,FALSE,TRUE,TRUE,1,306,306
61039,FALSE,FALSE,FALSE,FALSE,FALSE,1,214,214
61040,FALSE,TRUE,TRUE,FALSE,TRUE,1,61,61
61041,FALSE,FALSE,TRUE,FALSE,FALSE,1,61,61
61043,FALSE,FALSE,FALSE,FALSE,TRUE,1,337,NA
61044,FALSE,FALSE,TRUE,FALSE,FALSE,1,31,31
61045,TRUE,TRUE,TRUE,TRUE,TRUE,1,337,NA
61047,FALSE,FALSE,FALSE,FALSE,FALSE,1,184,184
61053,FALSE,FALSE,FALSE,FALSE,FALSE,1,30,30
61054,TRUE,FALSE,TRUE,FALSE,FALSE,1,214,214
61055,FALSE,FALSE,TRUE,FALSE,FALSE,1,61,61
61056,FALSE,TRUE,TRUE,FALSE,FALSE,1,31,31
61057,FALSE,TRUE,TRUE,FALSE,TRUE,1,306,NA
61058,FALSE,FALSE,FALSE,FALSE,FALSE,1,91,91
61060,FALSE,TRUE,TRUE,TRUE,FALSE,1,91,91
61061,FALSE,TRUE,FALSE,FALSE,TRUE,1,30,30
61062,FALSE,FALSE,FALSE,FALSE,FALSE,1,122,122
61063,TRUE,TRUE,TRUE,TRUE,TRUE,1,337,NA
61064,FALSE,TRUE,TRUE,FALSE,TRUE,1,306,NA
61065,FALSE,FALSE,TRUE,FALSE,TRUE,1,306,NA
61066,TRUE,FALSE,TRUE,TRUE,FALSE,1,183,183
61067,FALSE,TRUE,TRUE,FALSE,FALSE,1,91,91
61068,FALSE,TRUE,TRUE,FALSE,FALSE,1,306,NA
61071,FALSE,FALSE,FALSE,FALSE,FALSE,1,306,NA
61073,FALSE,TRUE,TRUE,FALSE,FALSE,1,306,NA
61074,FALSE,TRUE,TRUE,TRUE,TRUE,1,91,91
61080,FALSE,FALSE,FALSE,FALSE,FALSE,1,183,183
61083,TRUE,TRUE,TRUE,TRUE,FALSE,2,215,NA
61084,FALSE,TRUE,TRUE,FALSE,FALSE,1,306,NA
61085,FALSE,FALSE,TRUE,FALSE,FALSE,1,30,30
61086,FALSE,FALSE,TRUE,FALSE,FALSE,1,0,0
61089,FALSE,FALSE,FALSE,FALSE,FALSE,1,153,153
61095,FALSE,TRUE,TRUE,FALSE,FALSE,1,153,153
61096,FALSE,TRUE,TRUE,FALSE,FALSE,2,62,NA
61100,TRUE,TRUE,TRUE,TRUE,FALSE,1,306,NA
61101,FALSE,FALSE,FALSE,TRUE,TRUE,1,306,NA
61103,FALSE,FALSE,FALSE,FALSE,FALSE,1,122,122
61104,FALSE,FALSE,FALSE,FALSE,FALSE,1,122,122
61106,TRUE,TRUE,TRUE,FALSE,FALSE,1,0,0
61109,FALSE,FALSE,FALSE,FALSE,TRUE,1,122,122
61110,TRUE,TRUE,TRUE,TRUE,TRUE,1,214,214
61111,FALSE,FALSE,FALSE,FALSE,FALSE,1,244,244
61112,FALSE,FALSE,TRUE,FALSE,FALSE,1,306,NA
61115,FALSE,FALSE,FALSE,FALSE,FALSE,1,153,153
61116,FALSE,FALSE,TRUE,FALSE,FALSE,1,214,214
61117,TRUE,TRUE,TRUE,TRUE,TRUE,1,306,NA
61118,FALSE,FALSE,FALSE,FALSE,FALSE,1,91,91
61119,FALSE,FALSE,FALSE,FALSE,TRUE,1,0,0
61120,TRUE,TRUE,FALSE,TRUE,FALSE,1,306,NA
61121,FALSE,TRUE,FALSE,TRUE,TRUE,1,92,NA
61122,FALSE,FALSE,FALSE,FALSE,FALSE,1,91,91
61123,FALSE,FALSE,FALSE,FALSE,FALSE,1,91,91
61128,FALSE,FALSE,TRUE,FALSE,FALSE,1,306,NA
61129,FALSE,FALSE,TRUE,FALSE,TRUE,1,306,NA
61130,FALSE,FALSE,TRUE,FALSE,FALSE,1,61,61
61133,FALSE,FALSE,FALSE,FALSE,FALSE,1,122,122
61134,FALSE,TRUE,TRUE,TRUE,TRUE,1,31,31
61135,FALSE,FALSE,TRUE,FALSE,FALSE,1,61,61
61136,FALSE,FALSE,FALSE,FALSE,FALSE,1,121,121
61137,FALSE,FALSE,TRUE,FALSE,FALSE,1,61,61
61142,TRUE,FALSE,FALSE,FALSE,FALSE,1,183,183
61144,FALSE,FALSE,FALSE,FALSE,FALSE,1,306,NA
61145,FALSE,FALSE,TRUE,TRUE,TRUE,1,306,NA
61146,FALSE,FALSE,FALSE,FALSE,FALSE,1,61,61
61148,FALSE,FALSE,TRUE,TRUE,FALSE,1,306,NA
61151,FALSE,FALSE,TRUE,FALSE,TRUE,1,275,275
61152,TRUE,TRUE,TRUE,FALSE,TRUE,1,244,244
61156,FALSE,TRUE,TRUE,FALSE,TRUE,1,306,NA
61158,TRUE,FALSE,TRUE,FALSE,FALSE,1,92,NA
61159,FALSE,FALSE,TRUE,FALSE,FALSE,1,61,61
61160,FALSE,FALSE,FALSE,FALSE,TRUE,1,306,NA
61162,FALSE,FALSE,TRUE,FALSE,FALSE,1,306,NA
61163,FALSE,TRUE,FALSE,TRUE,FALSE,1,306,NA
61164,TRUE,FALSE,TRUE,FALSE,FALSE,1,91,91
61166,FALSE,FALSE,TRUE,FALSE,FALSE,1,306,NA
61167,FALSE,FALSE,FALSE,FALSE,FALSE,1,214,214
61168,FALSE,FALSE,FALSE,FALSE,FALSE,1,214,214
61170,FALSE,FALSE,FALSE,FALSE,FALSE,1,92,92
61171,FALSE,TRUE,TRUE,TRUE,FALSE,1,61,61
61175,FALSE,FALSE,FALSE,FALSE,FALSE,1,123,123
61176,FALSE,TRUE,TRUE,FALSE,FALSE,1,184,184
61179,FALSE,TRUE,TRUE,FALSE,FALSE,1,276,NA
61180,TRUE,TRUE,TRUE,FALSE,FALSE,1,31,31
61181,FALSE,FALSE,FALSE,FALSE,FALSE,1,184,184
61186,TRUE,TRUE,FALSE,FALSE,TRUE,1,214,214
61190,FALSE,FALSE,TRUE,FALSE,FALSE,1,276,NA
61191,FALSE,FALSE,TRUE,FALSE,TRUE,1,276,NA
61192,TRUE,TRUE,TRUE,FALSE,FALSE,1,276,NA
61198,FALSE,FALSE,FALSE,FALSE,FALSE,1,30,30
61200,FALSE,FALSE,FALSE,FALSE,FALSE,1,30,30
61206,TRUE,TRUE,TRUE,FALSE,FALSE,1,31,31
61208,FALSE,FALSE,TRUE,FALSE,FALSE,1,276,NA
61210,FALSE,FALSE,FALSE,FALSE,FALSE,1,123,123
61212,FALSE,FALSE,FALSE,FALSE,FALSE,1,0,0
61214,FALSE,TRUE,TRUE,FALSE,FALSE,1,123,123
61215,TRUE,TRUE,FALSE,FALSE,TRUE,1,276,NA
61216,FALSE,FALSE,FALSE,FALSE,FALSE,1,214,214
61217,FALSE,TRUE,TRUE,FALSE,TRUE,1,245,245
61218,FALSE,FALSE,FALSE,FALSE,FALSE,1,92,92
61219,FALSE,FALSE,TRUE,FALSE,FALSE,1,92,92
61220,FALSE,FALSE,FALSE,FALSE,FALSE,1,276,NA
61224,FALSE,TRUE,FALSE,FALSE,FALSE,1,153,153
61227,TRUE,FALSE,TRUE,FALSE,FALSE,1,0,0
61235,FALSE,FALSE,FALSE,FALSE,FALSE,1,153,153
61240,TRUE,FALSE,TRUE,TRUE,FALSE,1,276,NA
61242,FALSE,TRUE,TRUE,FALSE,TRUE,1,276,NA
61243,FALSE,FALSE,TRUE,FALSE,TRUE,1,123,123
61246,FALSE,FALSE,TRUE,FALSE,FALSE,1,92,92
61247,TRUE,TRUE,TRUE,FALSE,FALSE,1,276,NA
61249,FALSE,FALSE,TRUE,FALSE,TRUE,1,276,NA
61253,TRUE,TRUE,FALSE,TRUE,FALSE,1,276,NA
61254,FALSE,TRUE,TRUE,FALSE,FALSE,1,31,31
61255,TRUE,TRUE,TRUE,FALSE,TRUE,1,276,NA
61256,TRUE,TRUE,TRUE,FALSE,FALSE,1,122,122
61257,FALSE,TRUE,FALSE,FALSE,FALSE,1,61,61
61260,FALSE,FALSE,FALSE,TRUE,FALSE,1,61,61
61261,FALSE,FALSE,FALSE,FALSE,FALSE,1,245,245
61262,TRUE,TRUE,TRUE,TRUE,FALSE,1,276,NA
61264,TRUE,TRUE,TRUE,FALSE,FALSE,1,276,NA
61265,TRUE,TRUE,TRUE,FALSE,FALSE,1,276,NA
61269,FALSE,FALSE,FALSE,FALSE,FALSE,1,276,NA
61271,FALSE,FALSE,FALSE,FALSE,TRUE,1,153,153
61274,FALSE,FALSE,TRUE,FALSE,TRUE,1,184,NA
61275,FALSE,TRUE,TRUE,FALSE,TRUE,1,61,61
61278,TRUE,TRUE,TRUE,FALSE,TRUE,1,276,NA
61279,FALSE,FALSE,FALSE,FALSE,FALSE,1,31,31
61282,FALSE,FALSE,FALSE,FALSE,FALSE,1,245,NA
61283,FALSE,FALSE,FALSE,FALSE,TRUE,1,245,NA
61285,FALSE,TRUE,FALSE,TRUE,FALSE,1,276,NA
61286,FALSE,TRUE,TRUE,FALSE,FALSE,1,276,NA
61290,TRUE,TRUE,TRUE,TRUE,TRUE,1,184,184
61295,FALSE,FALSE,FALSE,FALSE,FALSE,1,276,NA
61296,FALSE,FALSE,FALSE,FALSE,FALSE,1,276,NA
61297,FALSE,FALSE,FALSE,FALSE,TRUE,1,245,NA
61301,FALSE,FALSE,TRUE,TRUE,TRUE,1,31,31
61303,FALSE,TRUE,TRUE,FALSE,FALSE,1,276,NA
61308,FALSE,FALSE,TRUE,FALSE,TRUE,1,92,92
61309,TRUE,TRUE,TRUE,FALSE,TRUE,1,245,NA
61311,FALSE,FALSE,FALSE,FALSE,FALSE,1,0,0
61312,FALSE,FALSE,FALSE,FALSE,FALSE,1,61,61
61315,FALSE,TRUE,TRUE,FALSE,FALSE,1,245,NA
61320,FALSE,FALSE,FALSE,FALSE,FALSE,1,245,NA
61321,FALSE,FALSE,TRUE,TRUE,FALSE,1,245,NA
61325,FALSE,FALSE,TRUE,FALSE,FALSE,1,92,92
61328,FALSE,FALSE,TRUE,FALSE,FALSE,1,245,NA
61330,FALSE,FALSE,FALSE,FALSE,FALSE,1,245,NA
61331,TRUE,FALSE,TRUE,FALSE,FALSE,1,245,NA
61338,FALSE,TRUE,FALSE,TRUE,TRUE,1,122,122
61342,FALSE,TRUE,TRUE,FALSE,FALSE,1,62,NA
61343,FALSE,FALSE,FALSE,FALSE,TRUE,1,245,NA
61345,FALSE,FALSE,FALSE,FALSE,FALSE,1,245,NA
61346,FALSE,FALSE,TRUE,FALSE,FALSE,1,153,153
61347,FALSE,TRUE,TRUE,FALSE,TRUE,1,0,0
61348,FALSE,FALSE,TRUE,TRUE,FALSE,1,123,123
61349,TRUE,FALSE,FALSE,TRUE,FALSE,1,61,61
61350,FALSE,FALSE,TRUE,FALSE,FALSE,1,123,123
61351,FALSE,FALSE,TRUE,TRUE,FALSE,1,183,183
61352,TRUE,TRUE,TRUE,FALSE,TRUE,1,245,NA
61359,TRUE,FALSE,FALSE,TRUE,FALSE,1,245,NA
61360,FALSE,FALSE,FALSE,FALSE,TRUE,1,214,214
61361,FALSE,FALSE,FALSE,FALSE,FALSE,1,245,NA
61362,FALSE,FALSE,FALSE,FALSE,TRUE,1,245,NA
61363,FALSE,TRUE,TRUE,FALSE,FALSE,1,245,NA
61370,FALSE,TRUE,TRUE,FALSE,TRUE,1,245,NA
61374,FALSE,TRUE,TRUE,FALSE,TRUE,1,0,0
61375,FALSE,FALSE,FALSE,FALSE,FALSE,1,0,0
61381,FALSE,TRUE,TRUE,TRUE,FALSE,1,183,183
61385,FALSE,FALSE,TRUE,FALSE,FALSE,1,245,NA
61386,FALSE,FALSE,FALSE,FALSE,FALSE,1,245,NA
61388,FALSE,FALSE,TRUE,FALSE,FALSE,1,30,30
61391,FALSE,FALSE,TRUE,FALSE,TRUE,1,245,NA
61392,FALSE,TRUE,FALSE,FALSE,FALSE,1,245,NA
61395,FALSE,FALSE,TRUE,FALSE,TRUE,1,92,92
61396,FALSE,FALSE,FALSE,FALSE,FALSE,1,92,92
61398,TRUE,TRUE,TRUE,TRUE,FALSE,2,92,NA
61399,FALSE,FALSE,TRUE,FALSE,TRUE,1,245,NA
61400,TRUE,TRUE,FALSE,FALSE,FALSE,1,30,30
61401,FALSE,FALSE,TRUE,FALSE,TRUE,1,245,NA
61402,FALSE,TRUE,TRUE,TRUE,FALSE,1,122,122
61403,FALSE,FALSE,FALSE,FALSE,TRUE,1,245,NA
61404,FALSE,TRUE,TRUE,FALSE,FALSE,1,245,NA
61405,FALSE,FALSE,FALSE,FALSE,FALSE,1,245,NA
61407,TRUE,TRUE,TRUE,FALSE,FALSE,1,61,61
61408,FALSE,TRUE,FALSE,FALSE,TRUE,1,245,NA
61409,FALSE,FALSE,FALSE,FALSE,FALSE,1,30,30
61410,FALSE,FALSE,FALSE,FALSE,FALSE,1,30,30
61412,FALSE,FALSE,FALSE,FALSE,FALSE,1,92,92
61413,FALSE,FALSE,FALSE,FALSE,TRUE,1,215,NA
61414,FALSE,TRUE,TRUE,TRUE,TRUE,1,245,NA
61415,FALSE,TRUE,TRUE,FALSE,FALSE,1,30,30
61416,FALSE,FALSE,TRUE,TRUE,TRUE,1,30,30
61417,FALSE,FALSE,TRUE,FALSE,TRUE,1,31,31
61420,FALSE,FALSE,FALSE,FALSE,TRUE,1,215,NA
61421,FALSE,FALSE,FALSE,FALSE,FALSE,1,215,NA
61422,FALSE,FALSE,TRUE,TRUE,FALSE,1,245,NA
61423,FALSE,TRUE,TRUE,FALSE,FALSE,2,92,NA
61427,FALSE,FALSE,TRUE,FALSE,FALSE,1,245,NA
61428,FALSE,FALSE,TRUE,FALSE,FALSE,1,215,NA
61429,FALSE,TRUE,TRUE,TRUE,TRUE,1,215,NA
61431,FALSE,TRUE,FALSE,TRUE,FALSE,1,92,92
61438,FALSE,TRUE,TRUE,FALSE,FALSE,1,215,NA
61439,FALSE,FALSE,FALSE,FALSE,FALSE,1,215,NA
61441,FALSE,TRUE,TRUE,TRUE,FALSE,1,31,31
61442,FALSE,FALSE,FALSE,FALSE,FALSE,1,215,NA
61443,FALSE,TRUE,TRUE,FALSE,FALSE,1,215,NA
61444,FALSE,FALSE,TRUE,FALSE,TRUE,1,215,NA
61445,FALSE,TRUE,TRUE,TRUE,FALSE,1,215,NA
61447,FALSE,FALSE,TRUE,FALSE,FALSE,1,215,NA
61448,FALSE,FALSE,TRUE,FALSE,FALSE,1,62,62
61450,TRUE,TRUE,TRUE,FALSE,FALSE,1,215,NA
61451,FALSE,FALSE,TRUE,FALSE,FALSE,1,153,153
61452,TRUE,TRUE,TRUE,TRUE,TRUE,1,215,NA
61454,FALSE,FALSE,TRUE,FALSE,FALSE,1,122,122
61455,FALSE,FALSE,FALSE,FALSE,FALSE,1,61,61
61456,TRUE,TRUE,FALSE,FALSE,FALSE,1,184,184
61457,FALSE,TRUE,TRUE,FALSE,TRUE,1,184,184
61461,FALSE,TRUE,TRUE,FALSE,FALSE,1,215,NA
61465,FALSE,TRUE,TRUE,FALSE,TRUE,1,215,NA
61469,FALSE,FALSE,FALSE,FALSE,FALSE,1,30,30
61472,FALSE,FALSE,FALSE,FALSE,FALSE,1,0,0
61473,FALSE,TRUE,TRUE,FALSE,TRUE,1,215,NA
61474,FALSE,FALSE,TRUE,FALSE,TRUE,1,215,NA
61475,FALSE,FALSE,FALSE,FALSE,TRUE,1,215,NA
61476,FALSE,FALSE,FALSE,FALSE,TRUE,1,0,0
61478,FALSE,FALSE,FALSE,FALSE,TRUE,1,31,31
61479,FALSE,TRUE,TRUE,FALSE,TRUE,1,92,92
61480,FALSE,FALSE,TRUE,FALSE,FALSE,1,215,NA
61481,FALSE,FALSE,TRUE,FALSE,FALSE,1,62,62
61482,FALSE,TRUE,TRUE,FALSE,FALSE,1,215,NA
61483,TRUE,TRUE,FALSE,FALSE,TRUE,1,215,NA
61484,FALSE,FALSE,TRUE,FALSE,FALSE,1,62,62
61485,FALSE,TRUE,TRUE,FALSE,FALSE,1,61,61
61486,FALSE,TRUE,TRUE,FALSE,TRUE,1,215,NA
61487,FALSE,FALSE,TRUE,FALSE,TRUE,1,215,NA
61489,FALSE,FALSE,TRUE,FALSE,FALSE,1,92,92
61490,TRUE,TRUE,TRUE,FALSE,TRUE,1,215,NA
61492,TRUE,FALSE,FALSE,TRUE,FALSE,2,184,184
61493,FALSE,FALSE,FALSE,FALSE,TRUE,1,215,NA
61495,FALSE,FALSE,TRUE,TRUE,FALSE,1,123,123
61496,FALSE,FALSE,FALSE,FALSE,FALSE,1,153,153
61497,FALSE,FALSE,FALSE,FALSE,TRUE,1,215,NA
61499,FALSE,FALSE,TRUE,FALSE,FALSE,1,184,184
61500,FALSE,TRUE,TRUE,FALSE,FALSE,1,30,30
61501,FALSE,FALSE,FALSE,FALSE,FALSE,1,62,62
61503,TRUE,TRUE,TRUE,FALSE,FALSE,1,184,184
61506,FALSE,FALSE,TRUE,FALSE,FALSE,1,123,123
61511,FALSE,FALSE,TRUE,FALSE,FALSE,1,31,31
61512,FALSE,FALSE,TRUE,FALSE,FALSE,1,184,NA
61513,FALSE,TRUE,TRUE,FALSE,FALSE,1,184,NA
61515,FALSE,FALSE,TRUE,FALSE,FALSE,1,215,NA
61516,TRUE,FALSE,FALSE,FALSE,FALSE,1,31,31
61517,FALSE,FALSE,TRUE,FALSE,FALSE,1,31,31
61521,FALSE,FALSE,FALSE,FALSE,FALSE,1,62,62
61522,FALSE,FALSE,FALSE,FALSE,TRUE,1,215,NA
61523,FALSE,FALSE,FALSE,FALSE,FALSE,1,61,61
61524,FALSE,FALSE,FALSE,FALSE,FALSE,1,184,NA
61527,TRUE,FALSE,TRUE,FALSE,FALSE,1,184,NA
61528,TRUE,TRUE,FALSE,FALSE,TRUE,1,184,NA
61529,FALSE,FALSE,TRUE,FALSE,FALSE,1,122,122
61530,TRUE,TRUE,TRUE,FALSE,TRUE,1,184,NA
61533,FALSE,FALSE,FALSE,FALSE,FALSE,1,62,62
61534,FALSE,FALSE,FALSE,FALSE,FALSE,1,184,NA
61535,TRUE,TRUE,TRUE,TRUE,FALSE,1,31,31
61538,FALSE,FALSE,FALSE,FALSE,FALSE,1,215,NA
61539,FALSE,TRUE,TRUE,FALSE,TRUE,1,184,NA
61540,FALSE,TRUE,TRUE,FALSE,FALSE,1,122,122
61542,TRUE,FALSE,TRUE,FALSE,FALSE,1,61,61
61544,FALSE,TRUE,TRUE,FALSE,FALSE,1,184,NA
61546,FALSE,TRUE,TRUE,FALSE,TRUE,1,184,NA
61547,FALSE,FALSE,FALSE,FALSE,FALSE,1,31,31
61548,FALSE,TRUE,TRUE,FALSE,FALSE,1,184,NA
61549,FALSE,FALSE,TRUE,FALSE,FALSE,1,215,NA
61551,FALSE,FALSE,TRUE,FALSE,FALSE,1,184,NA
61554,FALSE,FALSE,FALSE,FALSE,FALSE,1,62,62
61555,FALSE,FALSE,TRUE,FALSE,TRUE,1,184,NA
61556,FALSE,TRUE,TRUE,TRUE,TRUE,1,184,NA
61557,FALSE,FALSE,TRUE,FALSE,TRUE,1,184,NA
61560,FALSE,FALSE,FALSE,FALSE,TRUE,1,184,NA
61561,FALSE,TRUE,FALSE,FALSE,TRUE,1,184,NA
61562,FALSE,FALSE,FALSE,FALSE,FALSE,1,92,92
61563,FALSE,TRUE,TRUE,FALSE,FALSE,1,184,NA
61565,FALSE,FALSE,TRUE,FALSE,FALSE,1,31,31
61566,FALSE,FALSE,TRUE,FALSE,FALSE,1,122,122
61569,TRUE,TRUE,TRUE,FALSE,TRUE,1,184,NA
61571,FALSE,TRUE,TRUE,TRUE,FALSE,1,92,92
61572,TRUE,TRUE,TRUE,FALSE,TRUE,1,184,NA
61573,FALSE,FALSE,TRUE,FALSE,FALSE,1,184,NA
61575,TRUE,FALSE,TRUE,FALSE,TRUE,1,153,153
61584,FALSE,TRUE,FALSE,FALSE,FALSE,1,153,153
61587,FALSE,TRUE,FALSE,FALSE,FALSE,2,30,30
61588,TRUE,FALSE,TRUE,FALSE,TRUE,1,184,NA
61589,FALSE,FALSE,TRUE,TRUE,FALSE,1,184,NA
61590,FALSE,FALSE,FALSE,FALSE,FALSE,1,184,NA
61594,FALSE,TRUE,TRUE,FALSE,FALSE,1,122,122
61600,TRUE,TRUE,FALSE,FALSE,FALSE,1,184,NA
61602,FALSE,FALSE,TRUE,FALSE,FALSE,1,61,61
61606,FALSE,TRUE,TRUE,FALSE,TRUE,1,184,NA
61608,FALSE,FALSE,TRUE,TRUE,FALSE,1,184,NA
61609,FALSE,FALSE,TRUE,FALSE,FALSE,1,92,92
61610,FALSE,FALSE,FALSE,FALSE,FALSE,2,184,NA
61611,FALSE,TRUE,TRUE,FALSE,TRUE,1,92,92
61612,TRUE,TRUE,TRUE,FALSE,TRUE,1,184,NA
61613,FALSE,FALSE,FALSE,FALSE,FALSE,1,184,NA
61616,FALSE,TRUE,TRUE,FALSE,TRUE,1,31,31
61618,FALSE,TRUE,TRUE,FALSE,TRUE,1,184,NA
61622,TRUE,FALSE,TRUE,FALSE,FALSE,1,122,122
61626,TRUE,FALSE,TRUE,FALSE,TRUE,1,184,NA
61627,FALSE,TRUE,TRUE,FALSE,FALSE,1,61,61
61629,FALSE,FALSE,TRUE,FALSE,TRUE,1,92,NA
61631,FALSE,FALSE,FALSE,FALSE,FALSE,1,61,61
61634,FALSE,FALSE,TRUE,FALSE,FALSE,1,62,62
61635,TRUE,TRUE,TRUE,TRUE,TRUE,1,184,NA
61637,FALSE,FALSE,FALSE,FALSE,FALSE,1,92,92
61638,FALSE,TRUE,TRUE,TRUE,TRUE,1,184,NA
61639,FALSE,FALSE,FALSE,FALSE,FALSE,1,153,153
61640,FALSE,TRUE,TRUE,FALSE,FALSE,1,153,153
61643,FALSE,FALSE,TRUE,FALSE,TRUE,1,153,153
61649,TRUE,TRUE,FALSE,FALSE,FALSE,1,153,153
61650,FALSE,FALSE,TRUE,FALSE,FALSE,1,184,NA
61651,FALSE,FALSE,TRUE,FALSE,FALSE,1,184,NA
61653,FALSE,TRUE,TRUE,FALSE,FALSE,1,0,0
61654,FALSE,FALSE,TRUE,FALSE,FALSE,1,184,NA
61655,FALSE,FALSE,TRUE,FALSE,FALSE,1,31,31
61656,FALSE,TRUE,TRUE,FALSE,TRUE,1,184,NA
61657,FALSE,FALSE,FALSE,FALSE,FALSE,1,184,NA
61658,FALSE,FALSE,TRUE,FALSE,FALSE,1,61,61
61659,TRUE,TRUE,TRUE,FALSE,TRUE,1,184,NA
61660,FALSE,FALSE,FALSE,FALSE,TRUE,1,184,NA
61661,FALSE,TRUE,FALSE,FALSE,TRUE,1,184,NA
61662,TRUE,FALSE,FALSE,FALSE,TRUE,1,61,61
61665,FALSE,TRUE,FALSE,FALSE,TRUE,1,31,31
61666,FALSE,FALSE,FALSE,FALSE,FALSE,1,184,NA
61668,FALSE,FALSE,FALSE,FALSE,FALSE,1,61,61
61669,TRUE,FALSE,TRUE,FALSE,FALSE,1,153,153
61671,FALSE,FALSE,FALSE,FALSE,FALSE,1,0,0
61674,TRUE,TRUE,TRUE,FALSE,FALSE,1,184,NA
61675,FALSE,FALSE,TRUE,FALSE,FALSE,1,184,NA
61676,FALSE,FALSE,TRUE,FALSE,TRUE,1,184,NA
61677,FALSE,FALSE,TRUE,FALSE,FALSE,1,61,61
61678,TRUE,TRUE,TRUE,FALSE,FALSE,1,92,92
61679,FALSE,FALSE,FALSE,FALSE,FALSE,1,31,31
61680,FALSE,FALSE,TRUE,TRUE,FALSE,1,31,31
61681,TRUE,TRUE,FALSE,TRUE,FALSE,1,184,NA
61682,FALSE,FALSE,FALSE,FALSE,FALSE,1,31,31
61684,FALSE,FALSE,FALSE,FALSE,FALSE,1,122,122
61685,FALSE,FALSE,TRUE,FALSE,FALSE,1,31,31
61686,FALSE,FALSE,FALSE,FALSE,FALSE,2,62,NA
61687,FALSE,TRUE,TRUE,FALSE,FALSE,1,92,92
61688,TRUE,TRUE,FALSE,TRUE,FALSE,1,184,NA
61689,FALSE,FALSE,FALSE,FALSE,FALSE,1,61,61
61693,FALSE,TRUE,TRUE,TRUE,FALSE,1,30,30
61697,FALSE,FALSE,TRUE,FALSE,FALSE,1,153,NA
61701,FALSE,TRUE,TRUE,TRUE,TRUE,1,122,122
61702,FALSE,FALSE,TRUE,FALSE,FALSE,1,184,NA
61703,FALSE,FALSE,TRUE,FALSE,FALSE,1,153,NA
61708,TRUE,TRUE,TRUE,FALSE,TRUE,1,92,92
61709,FALSE,TRUE,TRUE,FALSE,TRUE,1,184,NA
61710,FALSE,FALSE,TRUE,FALSE,FALSE,1,62,62
61711,FALSE,FALSE,FALSE,TRUE,TRUE,1,153,NA
61714,FALSE,TRUE,FALSE,FALSE,FALSE,1,153,153
61715,TRUE,TRUE,TRUE,TRUE,FALSE,1,91,91
61716,FALSE,TRUE,FALSE,FALSE,FALSE,1,91,91
61718,FALSE,TRUE,TRUE,FALSE,TRUE,1,153,NA
61719,FALSE,TRUE,TRUE,TRUE,FALSE,1,153,NA
61722,FALSE,FALSE,TRUE,FALSE,FALSE,1,153,NA
61723,FALSE,TRUE,TRUE,TRUE,FALSE,1,153,NA
61724,FALSE,FALSE,TRUE,FALSE,TRUE,1,153,NA
61726,FALSE,FALSE,FALSE,FALSE,TRUE,1,30,30
61728,FALSE,FALSE,TRUE,FALSE,FALSE,1,0,0
61730,TRUE,TRUE,FALSE,FALSE,FALSE,1,153,NA
61731,FALSE,FALSE,FALSE,FALSE,FALSE,1,91,91
61732,TRUE,FALSE,TRUE,TRUE,FALSE,1,153,NA
61738,FALSE,FALSE,FALSE,FALSE,FALSE,1,0,0
61739,FALSE,FALSE,TRUE,FALSE,TRUE,1,184,NA
61740,FALSE,FALSE,TRUE,FALSE,FALSE,1,30,30
61745,FALSE,FALSE,TRUE,FALSE,TRUE,1,184,NA
61746,FALSE,TRUE,TRUE,TRUE,FALSE,1,184,NA
61747,FALSE,FALSE,TRUE,FALSE,FALSE,1,153,NA
61748,FALSE,TRUE,TRUE,FALSE,FALSE,1,62,62
61749,TRUE,TRUE,TRUE,FALSE,FALSE,1,153,NA
61750,FALSE,TRUE,TRUE,FALSE,FALSE,1,92,92
61752,FALSE,FALSE,FALSE,FALSE,FALSE,1,153,NA
61753,FALSE,FALSE,TRUE,TRUE,TRUE,1,153,NA
61765,FALSE,TRUE,TRUE,FALSE,TRUE,1,153,NA
61768,FALSE,FALSE,FALSE,FALSE,FALSE,1,153,NA
61778,FALSE,TRUE,TRUE,FALSE,FALSE,1,31,31
61779,FALSE,FALSE,FALSE,FALSE,TRUE,1,30,30
61780,FALSE,FALSE,FALSE,FALSE,TRUE,1,153,NA
61781,FALSE,FALSE,FALSE,FALSE,FALSE,1,123,123
61782,FALSE,FALSE,FALSE,FALSE,FALSE,1,122,122
61789,FALSE,FALSE,TRUE,FALSE,TRUE,1,61,61
61790,FALSE,FALSE,TRUE,FALSE,TRUE,1,153,NA
61792,FALSE,TRUE,TRUE,TRUE,FALSE,1,30,30
61794,FALSE,FALSE,TRUE,FALSE,FALSE,1,153,153
61795,FALSE,FALSE,TRUE,FALSE,FALSE,1,153,153
61797,FALSE,FALSE,TRUE,FALSE,FALSE,1,153,NA
61800,FALSE,TRUE,FALSE,FALSE,FALSE,1,153,NA
61813,FALSE,TRUE,TRUE,TRUE,FALSE,1,122,122
61814,FALSE,FALSE,TRUE,FALSE,TRUE,1,153,NA
61816,FALSE,TRUE,TRUE,TRUE,FALSE,1,91,91
61817,FALSE,FALSE,FALSE,FALSE,FALSE,1,153,NA
61818,FALSE,FALSE,FALSE,FALSE,FALSE,1,91,91
61819,FALSE,TRUE,FALSE,FALSE,FALSE,1,153,NA
61825,FALSE,FALSE,FALSE,FALSE,FALSE,1,153,NA
61828,FALSE,TRUE,TRUE,FALSE,TRUE,1,153,NA
61830,FALSE,FALSE,FALSE,FALSE,FALSE,1,61,61
61831,FALSE,FALSE,FALSE,FALSE,TRUE,1,153,NA
61839,TRUE,FALSE,TRUE,FALSE,TRUE,1,153,NA
61840,FALSE,FALSE,TRUE,FALSE,FALSE,1,61,61
61842,FALSE,FALSE,FALSE,FALSE,TRUE,1,153,NA
61843,FALSE,TRUE,TRUE,TRUE,FALSE,1,122,122
61844,FALSE,TRUE,TRUE,FALSE,FALSE,1,153,NA
61848,FALSE,TRUE,TRUE,TRUE,FALSE,1,153,153
61849,FALSE,FALSE,TRUE,FALSE,FALSE,1,123,NA
61858,FALSE,FALSE,FALSE,FALSE,FALSE,1,30,30
61859,FALSE,FALSE,FALSE,FALSE,FALSE,1,153,NA
61860,FALSE,FALSE,TRUE,FALSE,FALSE,1,123,NA
61865,FALSE,FALSE,TRUE,FALSE,TRUE,1,123,NA
61867,FALSE,FALSE,TRUE,FALSE,FALSE,1,123,NA
61869,TRUE,TRUE,TRUE,FALSE,FALSE,1,30,30
61870,FALSE,FALSE,FALSE,FALSE,FALSE,1,153,153
61871,FALSE,FALSE,TRUE,FALSE,TRUE,1,122,122
61873,TRUE,TRUE,TRUE,FALSE,FALSE,1,31,31
61877,FALSE,FALSE,FALSE,FALSE,TRUE,1,123,NA
61879,FALSE,FALSE,FALSE,FALSE,FALSE,1,-30,-30
61881,FALSE,TRUE,TRUE,FALSE,TRUE,1,153,NA
61882,FALSE,TRUE,TRUE,FALSE,FALSE,1,123,NA
61887,FALSE,TRUE,TRUE,FALSE,FALSE,1,61,61
61888,FALSE,FALSE,TRUE,FALSE,FALSE,1,123,NA
61889,FALSE,TRUE,TRUE,TRUE,TRUE,1,123,NA
61890,FALSE,FALSE,FALSE,FALSE,FALSE,1,123,NA
61891,FALSE,FALSE,TRUE,FALSE,FALSE,1,123,NA
61892,FALSE,FALSE,TRUE,FALSE,TRUE,1,123,NA
61893,FALSE,FALSE,FALSE,FALSE,FALSE,1,153,NA
61894,FALSE,FALSE,FALSE,FALSE,FALSE,1,123,NA
61896,TRUE,TRUE,TRUE,FALSE,FALSE,1,123,NA
61897,FALSE,TRUE,TRUE,FALSE,FALSE,1,31,31
61900,FALSE,TRUE,TRUE,TRUE,FALSE,1,123,NA
61902,FALSE,FALSE,FALSE,FALSE,FALSE,1,30,30
61903,FALSE,FALSE,FALSE,FALSE,FALSE,1,92,92
61905,FALSE,TRUE,TRUE,TRUE,TRUE,1,123,NA
61906,FALSE,TRUE,TRUE,FALSE,FALSE,1,123,NA
61908,FALSE,FALSE,TRUE,FALSE,TRUE,1,61,61
61910,FALSE,FALSE,FALSE,FALSE,FALSE,1,0,0
61911,TRUE,FALSE,TRUE,FALSE,FALSE,1,123,NA
61912,FALSE,FALSE,FALSE,FALSE,FALSE,1,123,NA
61913,FALSE,FALSE,TRUE,FALSE,TRUE,1,123,NA
61914,FALSE,TRUE,TRUE,FALSE,TRUE,1,123,NA
61916,FALSE,FALSE,FALSE,FALSE,FALSE,1,153,NA
61919,FALSE,FALSE,FALSE,FALSE,FALSE,1,92,92
61922,FALSE,TRUE,TRUE,FALSE,TRUE,1,123,NA
61923,FALSE,TRUE,TRUE,FALSE,FALSE,1,31,31
61924,FALSE,FALSE,FALSE,FALSE,FALSE,1,0,0
61925,FALSE,FALSE,TRUE,FALSE,FALSE,1,123,123
61926,FALSE,FALSE,FALSE,FALSE,TRUE,1,123,NA
61927,FALSE,FALSE,TRUE,FALSE,TRUE,1,153,NA
61929,FALSE,FALSE,FALSE,FALSE,FALSE,1,123,NA
61930,FALSE,FALSE,TRUE,FALSE,FALSE,1,123,NA
61931,FALSE,FALSE,FALSE,FALSE,FALSE,1,123,NA
61932,FALSE,FALSE,TRUE,FALSE,FALSE,1,153,NA
61933,TRUE,TRUE,TRUE,TRUE,FALSE,1,123,NA
61934,FALSE,FALSE,FALSE,FALSE,FALSE,1,123,NA
61935,FALSE,FALSE,TRUE,FALSE,FALSE,1,0,0
61936,TRUE,TRUE,TRUE,FALSE,TRUE,1,30,30
61937,FALSE,FALSE,FALSE,FALSE,FALSE,1,123,NA
61943,FALSE,FALSE,FALSE,TRUE,FALSE,1,0,0
61944,TRUE,TRUE,TRUE,FALSE,TRUE,1,92,92
61945,FALSE,FALSE,FALSE,FALSE,FALSE,1,30,30
61946,FALSE,FALSE,FALSE,FALSE,TRUE,1,153,NA
61950,FALSE,FALSE,FALSE,FALSE,FALSE,1,92,92
61951,FALSE,FALSE,TRUE,FALSE,TRUE,1,123,NA
61952,TRUE,TRUE,TRUE,FALSE,FALSE,1,123,NA
61953,FALSE,TRUE,TRUE,FALSE,FALSE,1,123,NA
61954,FALSE,FALSE,TRUE,FALSE,TRUE,1,123,NA
61955,FALSE,FALSE,TRUE,FALSE,FALSE,1,0,0
61959,FALSE,FALSE,FALSE,FALSE,TRUE,1,123,NA
61960,FALSE,FALSE,FALSE,FALSE,FALSE,1,123,NA
61963,FALSE,FALSE,TRUE,TRUE,FALSE,1,123,NA
61966,FALSE,FALSE,FALSE,FALSE,FALSE,1,123,NA
61967,FALSE,FALSE,TRUE,FALSE,FALSE,1,0,0
61968,FALSE,FALSE,TRUE,FALSE,FALSE,1,0,0
61969,FALSE,FALSE,TRUE,FALSE,FALSE,1,0,0
61973,TRUE,FALSE,TRUE,TRUE,FALSE,1,92,92
61979,FALSE,FALSE,FALSE,FALSE,FALSE,1,153,NA
61980,FALSE,FALSE,TRUE,FALSE,FALSE,1,0,0
61981,FALSE,FALSE,FALSE,FALSE,FALSE,1,123,NA
61983,FALSE,FALSE,TRUE,TRUE,TRUE,1,92,92
61985,FALSE,TRUE,TRUE,FALSE,TRUE,1,123,NA
61986,FALSE,TRUE,TRUE,FALSE,FALSE,1,0,0
61987,FALSE,FALSE,FALSE,TRUE,FALSE,1,0,0
61988,FALSE,TRUE,TRUE,FALSE,FALSE,1,123,NA
61990,FALSE,FALSE,FALSE,FALSE,FALSE,1,0,0
61991,FALSE,FALSE,FALSE,FALSE,FALSE,1,123,NA
61992,FALSE,FALSE,FALSE,FALSE,FALSE,1,123,NA
61993,FALSE,FALSE,FALSE,FALSE,FALSE,1,92,92
61994,TRUE,TRUE,TRUE,TRUE,FALSE,1,92,92
61995,FALSE,FALSE,TRUE,TRUE,TRUE,1,123,NA
61996,FALSE,FALSE,FALSE,FALSE,FALSE,1,61,61
61997,TRUE,FALSE,TRUE,FALSE,TRUE,1,61,61
61998,FALSE,FALSE,FALSE,FALSE,FALSE,1,0,0
61999,FALSE,FALSE,FALSE,FALSE,TRUE,1,123,NA
62007,FALSE,FALSE,TRUE,FALSE,FALSE,1,123,NA
62008,TRUE,FALSE,TRUE,TRUE,TRUE,1,123,NA
62014,FALSE,FALSE,TRUE,FALSE,TRUE,1,123,NA
62016,FALSE,TRUE,TRUE,TRUE,TRUE,1,61,61
62030,FALSE,FALSE,FALSE,TRUE,FALSE,1,123,NA
62031,FALSE,FALSE,TRUE,FALSE,FALSE,1,61,61
62032,FALSE,TRUE,TRUE,FALSE,FALSE,1,123,123
62033,FALSE,FALSE,TRUE,FALSE,FALSE,1,123,NA
62034,TRUE,FALSE,TRUE,FALSE,TRUE,1,92,NA
62035,FALSE,FALSE,FALSE,FALSE,FALSE,1,123,NA
62040,FALSE,FALSE,FALSE,FALSE,TRUE,1,92,NA
62041,FALSE,FALSE,TRUE,FALSE,FALSE,1,123,NA
62042,FALSE,TRUE,TRUE,FALSE,FALSE,1,92,NA
62043,FALSE,FALSE,FALSE,FALSE,FALSE,1,92,NA
62044,FALSE,TRUE,TRUE,FALSE,FALSE,1,123,NA
62047,FALSE,FALSE,TRUE,FALSE,FALSE,1,92,NA
62048,FALSE,FALSE,FALSE,FALSE,FALSE,1,61,61
62049,FALSE,FALSE,TRUE,FALSE,TRUE,1,123,NA
62051,FALSE,FALSE,TRUE,FALSE,FALSE,1,31,31
62054,FALSE,FALSE,TRUE,TRUE,TRUE,1,92,NA
62058,FALSE,FALSE,TRUE,TRUE,FALSE,1,92,NA
62060,FALSE,FALSE,TRUE,FALSE,FALSE,1,92,NA
62061,FALSE,FALSE,TRUE,FALSE,FALSE,1,92,NA
62064,TRUE,TRUE,TRUE,FALSE,FALSE,1,92,NA
62065,FALSE,FALSE,TRUE,FALSE,TRUE,1,92,NA
62067,FALSE,FALSE,FALSE,FALSE,FALSE,1,92,NA
62069,FALSE,FALSE,FALSE,FALSE,FALSE,1,30,30
62070,FALSE,FALSE,FALSE,FALSE,FALSE,1,92,NA
62071,FALSE,TRUE,FALSE,FALSE,TRUE,1,92,NA
62072,FALSE,TRUE,FALSE,TRUE,TRUE,1,92,NA
62075,TRUE,TRUE,TRUE,FALSE,FALSE,1,30,30
62077,FALSE,TRUE,FALSE,FALSE,FALSE,1,92,NA
62078,TRUE,TRUE,TRUE,FALSE,FALSE,1,92,NA
62080,FALSE,FALSE,TRUE,FALSE,FALSE,1,184,NA
62081,FALSE,FALSE,TRUE,FALSE,FALSE,1,92,NA
62084,TRUE,FALSE,FALSE,FALSE,FALSE,1,92,NA
62085,TRUE,TRUE,TRUE,FALSE,FALSE,1,123,NA
62087,FALSE,TRUE,TRUE,FALSE,FALSE,1,30,30
62088,FALSE,FALSE,TRUE,FALSE,FALSE,1,61,61
62089,FALSE,FALSE,TRUE,FALSE,FALSE,1,61,61
62090,TRUE,FALSE,TRUE,FALSE,TRUE,1,92,NA
62091,FALSE,FALSE,FALSE,FALSE,FALSE,1,92,NA
62092,FALSE,TRUE,TRUE,FALSE,FALSE,1,92,NA
62093,FALSE,TRUE,TRUE,FALSE,FALSE,1,31,31
62094,FALSE,FALSE,FALSE,FALSE,TRUE,1,31,31
62095,FALSE,FALSE,FALSE,FALSE,FALSE,1,123,NA
62096,FALSE,TRUE,FALSE,FALSE,FALSE,1,123,123
62097,FALSE,TRUE,TRUE,FALSE,FALSE,1,0,0
62098,FALSE,TRUE,TRUE,FALSE,FALSE,1,92,NA
62099,FALSE,TRUE,TRUE,FALSE,FALSE,1,92,NA
62101,TRUE,FALSE,TRUE,FALSE,FALSE,1,123,NA
62110,FALSE,TRUE,TRUE,FALSE,FALSE,1,123,NA
62112,FALSE,FALSE,FALSE,FALSE,FALSE,1,30,30
62113,FALSE,FALSE,FALSE,FALSE,FALSE,1,30,30
62114,FALSE,FALSE,TRUE,FALSE,TRUE,1,92,NA
62115,TRUE,TRUE,TRUE,FALSE,FALSE,1,92,NA
62117,FALSE,FALSE,TRUE,FALSE,FALSE,1,92,NA
62119,FALSE,FALSE,TRUE,FALSE,FALSE,1,92,NA
62121,FALSE,FALSE,FALSE,FALSE,FALSE,1,92,NA
62122,FALSE,FALSE,TRUE,FALSE,FALSE,1,92,NA
62123,TRUE,FALSE,TRUE,FALSE,FALSE,1,92,NA
62124,FALSE,TRUE,TRUE,FALSE,TRUE,1,92,NA
62125,FALSE,FALSE,TRUE,FALSE,FALSE,1,92,NA
62126,TRUE,FALSE,FALSE,FALSE,FALSE,1,92,NA
62127,FALSE,FALSE,FALSE,FALSE,FALSE,1,30,30
62132,TRUE,TRUE,TRUE,FALSE,FALSE,1,92,NA
62133,FALSE,FALSE,TRUE,FALSE,FALSE,1,0,0
62134,FALSE,FALSE,FALSE,FALSE,FALSE,1,92,NA
62135,FALSE,TRUE,TRUE,FALSE,FALSE,1,30,30
62136,FALSE,FALSE,FALSE,FALSE,TRUE,1,92,NA
62137,FALSE,TRUE,FALSE,TRUE,FALSE,1,30,30
62138,TRUE,FALSE,TRUE,TRUE,TRUE,1,92,NA
62144,FALSE,TRUE,FALSE,FALSE,FALSE,1,92,NA
62146,TRUE,FALSE,FALSE,FALSE,FALSE,1,92,NA
62147,FALSE,FALSE,TRUE,FALSE,FALSE,1,92,NA
62148,FALSE,FALSE,FALSE,FALSE,FALSE,1,61,61
62149,TRUE,TRUE,TRUE,FALSE,TRUE,1,30,30
62150,FALSE,FALSE,FALSE,FALSE,TRUE,1,92,NA
62153,FALSE,FALSE,TRUE,TRUE,FALSE,1,92,NA
62156,TRUE,TRUE,TRUE,FALSE,FALSE,1,61,61
62158,FALSE,FALSE,FALSE,TRUE,FALSE,1,30,30
62163,TRUE,FALSE,TRUE,FALSE,TRUE,1,62,NA
62165,FALSE,FALSE,FALSE,FALSE,FALSE,1,61,61
62166,TRUE,FALSE,TRUE,FALSE,FALSE,1,62,NA
62168,FALSE,TRUE,TRUE,FALSE,FALSE,1,30,30
62169,FALSE,FALSE,FALSE,FALSE,FALSE,1,30,30
62173,FALSE,FALSE,TRUE,FALSE,FALSE,1,62,NA
62177,FALSE,FALSE,TRUE,FALSE,FALSE,1,62,NA
62178,FALSE,FALSE,TRUE,FALSE,FALSE,1,92,NA
62179,FALSE,FALSE,TRUE,TRUE,FALSE,1,62,NA
62181,FALSE,FALSE,FALSE,FALSE,TRUE,1,92,NA
62184,FALSE,FALSE,TRUE,FALSE,FALSE,1,62,NA
62186,FALSE,FALSE,TRUE,FALSE,FALSE,1,62,NA
62188,FALSE,FALSE,TRUE,TRUE,FALSE,1,62,NA
62189,FALSE,TRUE,TRUE,TRUE,FALSE,1,62,NA
62196,TRUE,FALSE,TRUE,TRUE,FALSE,1,123,NA
62197,FALSE,FALSE,FALSE,FALSE,FALSE,1,62,NA
62198,FALSE,FALSE,FALSE,FALSE,FALSE,1,30,30
62199,FALSE,FALSE,TRUE,FALSE,FALSE,1,31,31
62202,FALSE,FALSE,TRUE,FALSE,FALSE,1,30,30
62204,TRUE,FALSE,TRUE,FALSE,FALSE,1,62,NA
62205,TRUE,FALSE,FALSE,FALSE,FALSE,1,62,NA
62208,FALSE,FALSE,FALSE,FALSE,FALSE,1,62,62
62209,TRUE,TRUE,TRUE,FALSE,TRUE,1,62,NA
62211,TRUE,FALSE,FALSE,FALSE,TRUE,1,62,NA
62212,FALSE,FALSE,TRUE,FALSE,TRUE,1,62,NA
62213,FALSE,FALSE,TRUE,TRUE,FALSE,1,62,NA
62214,FALSE,TRUE,FALSE,FALSE,FALSE,1,92,NA
62219,FALSE,FALSE,FALSE,FALSE,FALSE,1,30,30
62220,TRUE,FALSE,FALSE,FALSE,FALSE,1,0,0
62221,FALSE,FALSE,FALSE,FALSE,FALSE,1,62,NA
62222,FALSE,FALSE,FALSE,FALSE,TRUE,1,30,30
62228,FALSE,FALSE,FALSE,FALSE,FALSE,1,62,NA
62230,FALSE,FALSE,TRUE,TRUE,FALSE,1,31,31
62232,FALSE,FALSE,FALSE,FALSE,FALSE,1,62,NA
62235,FALSE,FALSE,TRUE,FALSE,FALSE,1,62,NA
62237,FALSE,FALSE,TRUE,FALSE,FALSE,1,31,31
62244,FALSE,FALSE,TRUE,FALSE,FALSE,1,92,NA
62248,FALSE,FALSE,FALSE,FALSE,FALSE,1,62,NA
62249,FALSE,FALSE,FALSE,FALSE,FALSE,1,62,NA
62250,FALSE,FALSE,FALSE,FALSE,TRUE,1,62,NA
62251,FALSE,TRUE,TRUE,FALSE,FALSE,1,62,NA
62252,FALSE,FALSE,FALSE,FALSE,FALSE,1,30,30
62253,FALSE,FALSE,TRUE,FALSE,FALSE,1,30,30
62254,FALSE,TRUE,TRUE,TRUE,FALSE,1,62,NA
62255,FALSE,TRUE,TRUE,FALSE,TRUE,1,62,NA
62258,FALSE,TRUE,TRUE,FALSE,FALSE,1,62,NA
62262,FALSE,FALSE,TRUE,FALSE,FALSE,1,62,NA
62263,FALSE,FALSE,TRUE,FALSE,TRUE,1,62,NA
62269,FALSE,FALSE,FALSE,FALSE,FALSE,1,62,NA
62271,FALSE,TRUE,TRUE,TRUE,FALSE,1,0,0
62274,FALSE,FALSE,FALSE,FALSE,FALSE,1,0,0
62275,TRUE,FALSE,FALSE,FALSE,FALSE,1,184,NA
62276,FALSE,TRUE,FALSE,FALSE,FALSE,1,62,NA
62277,TRUE,TRUE,TRUE,TRUE,TRUE,1,62,NA
62279,FALSE,FALSE,FALSE,FALSE,TRUE,1,62,NA
62280,FALSE,FALSE,FALSE,FALSE,FALSE,1,61,61
62282,FALSE,FALSE,FALSE,FALSE,FALSE,1,62,NA
62283,FALSE,FALSE,TRUE,FALSE,FALSE,1,62,NA
62284,FALSE,FALSE,TRUE,FALSE,FALSE,1,62,NA
62285,FALSE,FALSE,TRUE,FALSE,FALSE,1,62,NA
62286,FALSE,FALSE,FALSE,FALSE,TRUE,1,62,NA
62287,FALSE,FALSE,FALSE,FALSE,TRUE,1,62,NA
62288,TRUE,FALSE,TRUE,FALSE,FALSE,1,62,NA
62289,FALSE,TRUE,TRUE,FALSE,FALSE,1,62,NA
62290,FALSE,FALSE,FALSE,FALSE,FALSE,1,31,31
62291,FALSE,TRUE,TRUE,FALSE,FALSE,1,62,NA
62292,FALSE,FALSE,FALSE,FALSE,FALSE,1,62,NA
62293,FALSE,FALSE,TRUE,TRUE,FALSE,1,62,NA
62294,FALSE,TRUE,TRUE,FALSE,FALSE,1,62,NA
62295,FALSE,FALSE,TRUE,FALSE,FALSE,1,62,NA
62296,TRUE,TRUE,TRUE,FALSE,TRUE,1,31,31
62299,FALSE,FALSE,FALSE,FALSE,FALSE,1,31,31
62301,FALSE,FALSE,TRUE,FALSE,FALSE,1,92,92
62304,FALSE,TRUE,TRUE,TRUE,FALSE,1,31,31
62305,TRUE,TRUE,TRUE,FALSE,FALSE,1,62,NA
62306,FALSE,FALSE,TRUE,FALSE,FALSE,1,31,31
62307,FALSE,FALSE,TRUE,FALSE,FALSE,1,92,NA
62313,FALSE,TRUE,FALSE,TRUE,FALSE,1,31,31
62314,FALSE,TRUE,FALSE,FALSE,FALSE,1,62,62
62320,FALSE,FALSE,TRUE,FALSE,FALSE,1,31,31
62321,FALSE,FALSE,FALSE,FALSE,FALSE,1,31,31
62323,FALSE,FALSE,TRUE,FALSE,FALSE,1,31,31
62327,FALSE,FALSE,FALSE,FALSE,FALSE,1,62,NA
62331,TRUE,FALSE,TRUE,TRUE,FALSE,1,31,31
62334,FALSE,TRUE,TRUE,FALSE,TRUE,1,245,NA
62335,FALSE,FALSE,FALSE,FALSE,FALSE,1,92,92
62336,FALSE,TRUE,TRUE,FALSE,FALSE,1,184,NA
62337,FALSE,FALSE,FALSE,FALSE,FALSE,1,92,92
62339,FALSE,FALSE,FALSE,FALSE,FALSE,1,62,NA
62349,FALSE,FALSE,TRUE,FALSE,FALSE,1,31,31
62351,FALSE,FALSE,TRUE,FALSE,TRUE,1,31,31
62355,FALSE,FALSE,TRUE,FALSE,FALSE,1,61,61
62365,TRUE,TRUE,TRUE,FALSE,FALSE,1,276,NA
62380,FALSE,FALSE,TRUE,FALSE,FALSE,1,31,31
62381,FALSE,FALSE,FALSE,FALSE,FALSE,1,306,306
62390,FALSE,TRUE,TRUE,TRUE,FALSE,1,31,31
62392,TRUE,TRUE,FALSE,TRUE,FALSE,1,62,NA
62394,FALSE,TRUE,FALSE,FALSE,FALSE,1,31,31
62403,FALSE,FALSE,FALSE,FALSE,FALSE,1,61,61
62409,FALSE,FALSE,TRUE,TRUE,FALSE,1,62,NA
62456,TRUE,TRUE,FALSE,TRUE,FALSE,1,306,306
62465,FALSE,FALSE,TRUE,FALSE,FALSE,1,123,NA
